tickers,name,sectors,DIV2010,DIV2011,DIV2012,DIV2013,DIV2014,DIV2015,DIV2016,DIV2017,DIV2018,DIV2019,DIV2020,DIV2021,DIV2022
MMM,3M,Industrials,54.82000000000001,52.72,50.52000000000001,48.160000000000004,45.620000000000005,42.2,38.10000000000001,33.660000000000004,28.959999999999994,23.52,17.759999999999998,11.879999999999999,5.96
AOS,A. O. Smith,Industrials,7.555000000000001,7.42,7.2700000000000005,7.09,6.86,6.5600000000000005,6.180000000000001,5.7,5.14,4.38,3.4800000000000004,2.5,1.4400000000000002
ABT,Abbott,Health Care,15.221678000000002,14.396422,13.494398000000002,12.53,11.970000000000002,11.09,10.130000000000003,9.089999999999998,8.03,6.91,5.629999999999999,4.1899999999999995,2.3899999999999997
ABBV,AbbVie,Health Care,35.029999999999994,35.029999999999994,35.029999999999994,35.029999999999994,33.43,31.77,29.75,27.47,24.91,21.32,17.04,12.32,7.119999999999999
ACN,Accenture,Information Technology,31.185000000000002,30.359999999999996,29.235,27.75,26.01,24.059999999999995,21.939999999999998,19.63,17.09,14.300000000000004,12.040000000000003,8.76,5.15
ATVI,Activision Blizzard,Communication Services,3.7350000000000003,3.585,3.42,3.2399999999999993,3.05,2.8499999999999996,2.62,2.36,2.0599999999999996,1.72,1.3499999999999999,0.94,0.47
ADM,ADM,Consumer Staples,14.985000000000001,14.385,13.730000000000002,13.03,12.27,11.309999999999999,10.190000000000001,8.99,7.710000000000002,6.37,4.970000000000001,3.5300000000000002,2.0500000000000003
ADBE,Adobe Inc.,Information Technology,0.0,0.0,0.0,0.0,0.0,0.0,0.0,0.0,0.0,0.0,0.0,0.0,0.0
ADP,ADP,Information Technology,31.690313,30.478725,29.183729,27.761430000000004,26.194266,24.44,22.439999999999998,20.28,17.94,15.140000000000002,11.86,8.2,4.37
AAP,Advance Auto Parts,Consumer Discretionary,12.65,12.41,12.17,11.93,11.69,11.45,11.21,10.97,10.73,10.49,10.25,9.25,6.0
AES,AES Corporation,Utilities,4.762000000000001,4.762000000000001,4.762000000000001,4.722000000000001,4.562000000000001,4.362,3.9619999999999997,3.5220000000000002,3.042,2.522,1.9739999999999995,1.402,0.798
AFL,Aflac,Financials,11.965000000000002,11.395,10.780000000000001,10.11,9.400000000000002,8.65,7.860000000000001,7.029999999999999,6.160000000000002,5.120000000000001,4.04,2.92,1.6
A,Agilent Technologies,Health Care,6.122319,6.122319,6.122319,5.836195,5.484263,5.2010000000000005,4.686,4.209,3.6639999999999997,3.053,2.3810000000000002,1.8410000000000002,1.065
APD,Air Products and Chemicals,Materials,48.79222399999999,46.979088000000004,44.832927999999995,42.464752000000004,39.83755599999999,36.988344,33.991119999999995,30.68,26.880000000000006,22.48,17.840000000000003,12.48,6.48
AKAM,Akamai,Information Technology,0.0,0.0,0.0,0.0,0.0,0.0,0.0,0.0,0.0,0.0,0.0,0.0,0.0
ALK,Alaska Air Group,Industrials,6.854999999999999,6.854999999999999,6.854999999999999,6.854999999999999,6.654999999999999,6.1549999999999985,5.3549999999999995,4.255000000000001,3.0549999999999997,1.775,0.375,0.0,0.0
ALB,Albemarle Corporation,Materials,15.241999999999997,14.682,14.011999999999999,13.212,12.251999999999999,11.152,9.991999999999997,8.771999999999998,7.491999999999999,6.152,4.68,3.14,1.58
ARE,Alexandria Real Estate Equities,Real Estate,41.84,40.34,38.48,36.39,33.78,30.9,27.849999999999998,24.619999999999997,21.17,17.44,13.440000000000001,9.2,4.72
ALGN,Align Technology,Health Care,0.0,0.0,0.0,0.0,0.0,0.0,0.0,0.0,0.0,0.0,0.0,0.0,0.0
ALLE,Allegion,Industrials,7.710000000000001,7.710000000000001,7.710000000000001,7.710000000000001,7.710000000000001,7.3900000000000015,6.99,6.510000000000002,5.870000000000001,5.03,3.95,2.67,1.23
LNT,Alliant Energy,Utilities,16.094000000000005,15.303999999999998,14.454000000000002,13.553999999999998,12.614000000000003,11.594,10.494000000000003,9.318,8.058,6.7170000000000005,5.297000000000001,3.7769999999999997,2.165
ALL,Allstate,Financials,21.28000000000001,20.48,19.640000000000008,18.759999999999998,17.76,16.64,15.44,14.120000000000001,12.639999999999999,10.8,8.799999999999999,6.640000000000001,3.4
GOOGL,Alphabet Inc. (Class A),Communication Services,0.0,0.0,0.0,0.0,0.0,0.0,0.0,0.0,0.0,0.0,0.0,0.0,0.0
GOOG,Alphabet Inc. (Class C),Communication Services,0.0,0.0,0.0,0.0,0.0,0.0,0.0,0.0,0.0,0.0,0.0,0.0,0.0
MO,Altria,Consumer Staples,32.519999999999996,31.06,29.479999999999997,27.78,25.939999999999998,23.939999999999998,21.77,19.42,16.880000000000003,13.88,10.6,7.199999999999999,3.68
AMZN,Amazon,Consumer Discretionary,0.0,0.0,0.0,0.0,0.0,0.0,0.0,0.0,0.0,0.0,0.0,0.0,0.0
AMCR,Amcor,Materials,3.8659999999999997,3.8659999999999997,3.8659999999999997,3.8659999999999997,3.8659999999999997,3.471,3.274,2.8609999999999998,2.425,1.9839999999999998,1.4200000000000002,0.957,0.483
AMD,AMD,Information Technology,0.0,0.0,0.0,0.0,0.0,0.0,0.0,0.0,0.0,0.0,0.0,0.0,0.0
AEE,Ameren,Utilities,23.381999999999998,21.842,20.287000000000003,18.687,17.087,15.477,13.822,12.107,10.328999999999999,8.479999999999999,6.56,4.5600000000000005,2.36
AAL,American Airlines Group,Industrials,2.3000000000000007,2.3000000000000007,2.3000000000000007,2.3000000000000007,2.3000000000000007,2.1000000000000005,1.7000000000000002,1.3000000000000003,0.9,0.5,0.1,0.0,0.0
AEP,American Electric Power,Utilities,30.479999999999997,28.769999999999996,26.92,25.04,23.090000000000003,21.060000000000002,18.91,16.64,14.249999999999998,11.72,9.01,6.17,3.17
AXP,American Express,Financials,16.65,15.93,15.209999999999997,14.43,13.569999999999999,12.59,11.489999999999997,10.299999999999999,8.989999999999998,7.550000000000001,5.949999999999999,4.23,2.51
AIG,American International Group,Financials,19.17,19.17,10.470000000000002,10.470000000000002,10.270000000000001,9.77,8.96,7.68,6.400000000000001,5.12,3.8399999999999994,2.56,1.28
AMT,American Tower,Real Estate,32.879999999999995,32.879999999999995,32.53,31.63,30.529999999999998,29.130000000000003,27.319999999999997,25.15,22.529999999999998,19.380000000000003,15.6,11.07,5.859999999999999
AWK,American Water Works,Utilities,20.902000000000008,20.042,19.142000000000007,17.932000000000002,17.092,15.882,14.551999999999998,13.087,11.466999999999997,9.687,7.732000000000001,5.582,3.223
AMP,Ameriprise Financial,Financials,36.77,36.06,35.19,33.76,31.749999999999996,29.489999999999995,26.899999999999995,23.979999999999997,20.74,17.209999999999997,13.399999999999999,9.309999999999999,4.88
ABC,AmerisourceBergen,Health Care,15.815000000000001,15.474999999999998,15.015,14.415,13.550000000000002,12.555,11.345000000000002,9.96,8.485000000000001,6.945,5.345000000000001,3.6450000000000005,1.8650000000000002
AME,Ametek,Industrials,5.670000999999999,5.550000000000001,5.39,5.17,4.929999999999999,4.6,4.24,3.8800000000000003,3.520000000000001,2.96,2.4000000000000004,1.6800000000000002,0.88
AMGN,Amgen,Health Care,50.35999999999999,50.35999999999999,49.8,48.36,46.47999999999999,44.04,40.87999999999999,36.879999999999995,32.28,27.0,21.200000000000003,14.8,7.76
APH,Amphenol,Information Technology,4.3025,4.2875,4.2725,4.1675,4.015000000000001,3.79,3.5250000000000004,3.235,2.8850000000000007,2.4450000000000003,1.9649999999999999,1.445,0.81
ADI,Analog Devices,Information Technology,23.31000000000001,22.450000000000003,21.480000000000004,20.28,18.920000000000005,17.44,15.84,14.16,12.36,10.44,8.28,5.8,3.04
ANSS,Ansys,Information Technology,0.0,0.0,0.0,0.0,0.0,0.0,0.0,0.0,0.0,0.0,0.0,0.0,0.0
AON,Aon,Financials,17.482,16.881999999999998,16.282,15.658000000000001,14.975000000000001,14.05,12.900000000000002,11.610000000000003,10.200000000000001,8.24,6.520000000000001,4.74,2.7500000000000004
APA,APA Corporation,Energy,9.918,9.318000000000001,8.718,8.058,7.288,6.338,5.338,4.338,3.338,2.338,1.338,1.013,0.875
AAPL,Apple Inc.,Information Technology,6.799645,6.799645,6.799645,6.610359,6.188929000000001,5.727499999999999,5.22,4.6625,4.0475,3.3425,2.5825,1.775,0.91
AMAT,Applied Materials,Information Technology,7.279999999999999,7.01,6.699999999999999,6.35,5.96,5.5600000000000005,5.16,4.76,4.359999999999999,3.66,2.829999999999999,1.96,1.02
APTV,Aptiv,Consumer Discretionary,5.731119999999999,5.731119999999999,5.731119999999999,5.731119999999999,5.161127999999999,4.322903999999999,3.4846800000000013,2.5123400000000005,1.54,1.1,0.22,0.0,0.0
ACGL,Arch Capital Group,Financials,0.0,0.0,0.0,0.0,0.0,0.0,0.0,0.0,0.0,0.0,0.0,0.0,0.0
ANET,Arista Networks,Information Technology,0.0,0.0,0.0,0.0,0.0,0.0,0.0,0.0,0.0,0.0,0.0,0.0,0.0
AJG,Arthur J. Gallagher & Co.,Financials,20.480000000000004,19.2,17.880000000000003,16.519999999999996,15.119999999999997,13.68,12.2,10.68,9.12,7.4799999999999995,5.759999999999999,3.96,2.04
AIZ,Assurant,Financials,22.369999999999997,21.740000000000002,21.04,20.23,19.27,18.21,16.84,14.81,12.659999999999998,10.379999999999999,7.949999999999999,5.4,2.74
T,AT&T,Communication Services,24.391999999999992,22.712,20.991999999999994,19.232,17.431999999999995,15.592,13.712000000000002,11.792,9.832,7.832000000000001,5.792000000000002,3.712,1.6320000000000001
ATO,Atmos Energy,Utilities,23.964999999999996,22.620000000000005,21.255,19.869999999999997,18.45,16.950000000000003,15.360000000000001,13.650000000000002,11.815,9.835,7.684999999999999,5.335000000000001,2.7800000000000002
ADSK,Autodesk,Information Technology,0.0,0.0,0.0,0.0,0.0,0.0,0.0,0.0,0.0,0.0,0.0,0.0,0.0
AZO,AutoZone,Consumer Discretionary,0.0,0.0,0.0,0.0,0.0,0.0,0.0,0.0,0.0,0.0,0.0,0.0,0.0
AVB,AvalonBay Communities,Real Estate,67.06400000000001,63.492000000000004,59.920000000000016,56.03999999999999,51.760000000000005,47.12,42.12000000000002,36.72,31.04,25.160000000000004,19.080000000000002,12.72,6.36
AVY,Avery Dennison,Materials,22.400000000000002,21.6,20.6,19.520000000000003,18.38,17.04,15.579999999999998,13.98,12.219999999999999,10.21,7.949999999999999,5.59,2.93
BKR,Baker Hughes,Energy,26.39,25.79,25.19,24.590000000000003,23.990000000000002,23.35,22.67,21.990000000000002,3.8000000000000003,3.0799999999999996,2.36,1.64,0.9199999999999999
BALL,Ball Corporation,Materials,4.877500000000001,4.777500000000001,4.655000000000001,4.455,4.195,3.935,3.6750000000000007,3.415,3.0500000000000007,2.65,2.0999999999999996,1.5,0.8
BAC,Bank of America,Financials,4.68,4.640000000000001,4.6,4.5600000000000005,4.52,4.4,4.2,3.95,3.56,3.02,2.3600000000000003,1.6400000000000001,0.86
BBWI,"Bath & Body Works, Inc.",Consumer Discretionary,26.815431999999998,23.096758999999995,20.024812999999998,15.982775999999996,15.012687999999999,13.104844999999997,9.871213999999998,6.314223,4.374046999999999,2.4338710000000003,1.463783,1.221261,0.8
BAX,Baxter International,Health Care,11.017225999999997,10.376270000000002,9.689142999999996,8.836347,7.793435,6.67991,5.885,5.38,4.7700000000000005,4.039999999999999,3.1900000000000004,2.235,1.1500000000000001
BDX,Becton Dickinson,Health Care,32.864632,31.381704,29.742680000000007,27.942681000000004,25.962193000000006,23.781706,21.381706,18.737805,15.869513,12.923172000000001,9.898779999999999,6.776828,3.49878
WRB,Berkley,Financials,8.324442,8.204441999999998,8.066663,7.466662999999999,7.293331,6.657776,6.448887999999998,5.777777,5.088888999999999,4.16,3.04,2.726667,1.3866669999999999
BRK-B,Berkshire Hathaway,Financials,0.0,0.0,0.0,0.0,0.0,0.0,0.0,0.0,0.0,0.0,0.0,0.0,0.0
BBY,Best Buy,Consumer Discretionary,19.939999999999998,19.36,18.739999999999995,18.08,17.400000000000002,16.68,15.250000000000004,13.68,12.320000000000004,10.52,8.52,6.32,3.52
BIO,Bio-Rad,Health Care,0.0,0.0,0.0,0.0,0.0,0.0,0.0,0.0,0.0,0.0,0.0,0.0,0.0
TECH,Bio-Techne,Health Care,3.995000000000001,3.732500000000001,3.4600000000000004,3.1750000000000003,2.8725000000000005,2.56,2.24,1.92,1.6000000000000003,1.28,0.9599999999999999,0.64,0.32
BIIB,Biogen,Health Care,0.0,0.0,0.0,0.0,0.0,0.0,0.0,0.0,0.0,0.0,0.0,0.0,0.0
BLK,BlackRock,Financials,133.6,129.6,124.09999999999998,118.1,111.37999999999998,103.66,94.93999999999998,85.78,75.77999999999999,63.76,50.56000000000001,36.04,19.52
BK,BNY Mellon,Financials,11.409999999999998,11.049999999999999,10.569999999999999,10.049999999999999,9.469999999999997,8.809999999999999,8.129999999999999,7.410000000000001,6.550000000000001,5.510000000000001,4.33,3.09,1.79
BA,Boeing,Industrials,40.775,39.095,37.415,35.655,33.715,30.794999999999998,27.155,22.794999999999998,17.115000000000002,10.275,2.055,0.0,0.0
BKNG,Booking Holdings,Consumer Discretionary,0.0,0.0,0.0,0.0,0.0,0.0,0.0,0.0,0.0,0.0,0.0,0.0,0.0
BWA,BorgWarner,Consumer Discretionary,5.800000000000001,5.800000000000001,5.800000000000001,5.800000000000001,5.550000000000001,5.040000000000001,4.5200000000000005,3.99,3.4,2.72,2.04,1.36,0.68
BXP,Boston Properties,Real Estate,46.989999999999995,44.99,42.93999999999998,40.64,35.789999999999985,28.689999999999998,24.840000000000003,22.14,19.09,15.59,11.760000000000002,7.84,3.92
BSX,Boston Scientific,Health Care,0.0,0.0,0.0,0.0,0.0,0.0,0.0,0.0,0.0,0.0,0.0,0.0,0.0
BMY,Bristol Myers Squibb,Health Care,20.769999999999996,19.81,18.489999999999995,17.13,15.369999999999997,13.92,12.43,11.290000000000001,9.73,8.129999999999999,6.49,4.199999999999999,2.73
AVGO,Broadcom Inc.,Information Technology,79.91,79.83999999999999,79.43999999999998,78.83,77.94999999999997,76.72,75.07999999999998,72.56,67.75,56.35,45.150000000000006,31.799999999999997,16.9
BR,Broadridge Financial Solutions,Information Technology,18.550000000000004,17.97,17.350000000000005,16.67,15.89,14.93,13.79,12.53,11.14,9.440000000000001,7.389999999999999,5.16,2.73
BRO,Brown & Brown,Financials,3.5370000000000013,3.38,3.2175000000000016,3.045,2.8600000000000008,2.6550000000000002,2.428500000000001,2.1765000000000003,1.8989999999999998,1.594,1.269,0.921,0.539
BF-B,Brown–Forman,Consumer Staples,9.401197999999999,8.809198,8.459866,8.078,7.6560000000000015,7.182000000000001,6.668,6.1136,5.516000000000001,3.876,3.204,2.5020000000000002,0.7729999999999999
CHRW,C.H. Robinson,Industrials,22.640000000000004,21.31,20.110000000000003,18.77,17.37,15.94,14.370000000000003,12.629999999999999,10.820000000000002,8.94,6.93,4.890000000000001,2.2600000000000002
CDNS,Cadence Design Systems,Information Technology,0.0,0.0,0.0,0.0,0.0,0.0,0.0,0.0,0.0,0.0,0.0,0.0,0.0
CZR,Caesars Entertainment,Consumer Discretionary,0.0,0.0,0.0,0.0,0.0,0.0,0.0,0.0,0.0,0.0,0.0,0.0,0.0
CPT,Camden Property Trust,Real Estate,40.889999999999986,39.09,37.12999999999999,34.89,32.370000000000005,29.73,26.930000000000003,19.68,16.68,13.6,10.399999999999999,7.08,3.76
CPB,Campbell Soup Company,Consumer Staples,17.039,15.923999999999994,14.763999999999998,13.313999999999995,12.711999999999996,11.464,10.215999999999996,8.929999999999998,7.53,6.13,4.73,3.33,1.85
COF,Capital One,Financials,17.250000000000004,17.05,16.85,16.650000000000002,15.7,14.500000000000002,12.999999999999998,11.4,9.799999999999999,8.2,6.599999999999998,5.6,3.0
CAH,Cardinal Health,Health Care,19.84,19.08,18.239999999999995,17.274,16.091,14.759,13.255000000000003,11.521,9.686000000000002,7.796,5.877000000000001,3.938,1.979
KMX,CarMax,Consumer Discretionary,0.0,0.0,0.0,0.0,0.0,0.0,0.0,0.0,0.0,0.0,0.0,0.0,0.0
CCL,Carnival,Consumer Discretionary,13.4,13.0,12.0,10.5,9.5,8.5,7.4,6.05,4.45,2.5,0.5,0.0,0.0
CARR,Carrier Global,Industrials,1.425,1.425,1.425,1.425,1.425,1.425,1.425,1.425,1.425,1.425,1.425,1.145,0.635
CTLT,Catalent,Health Care,0.0,0.0,0.0,0.0,0.0,0.0,0.0,0.0,0.0,0.0,0.0,0.0,0.0
CAT,Caterpillar Inc.,Industrials,40.720000000000006,39.00000000000001,37.20000000000001,34.720000000000006,33.0,30.400000000000002,27.459999999999997,24.38,21.279999999999998,18.0,14.219999999999997,10.1,5.82
CBOE,Cboe Global Markets,Financials,6.9799999999999995,6.779999999999999,6.34,5.800000000000001,4.819999999999999,4.04,3.16,2.2,1.1600000000000001,0.0,0.0,0.0,0.0
CBRE,CBRE Group,Real Estate,0.0,0.0,0.0,0.0,0.0,0.0,0.0,0.0,0.0,0.0,0.0,0.0,0.0
CDW,CDW,Information Technology,9.246,9.246,9.246,9.246,9.203,9.006,8.693999999999999,8.209999999999999,7.52,6.595000000000001,5.33,3.79,2.09
CE,Celanese,Materials,18.815,18.635,18.415,18.145,17.619999999999997,16.689999999999998,15.54,14.160000000000002,12.42,10.340000000000002,7.9399999999999995,5.460000000000001,2.74
CNC,Centene Corporation,Health Care,0.0,0.0,0.0,0.0,0.0,0.0,0.0,0.0,0.0,0.0,0.0,0.0,0.0
CNP,CenterPoint Energy,Utilities,11.613,10.833,10.040999999999999,9.229,8.401,7.449000000000001,6.458,5.426000000000001,4.353999999999999,3.242,2.09,1.35,0.7
CDAY,Ceridian,Information Technology,0.0,0.0,0.0,0.0,0.0,0.0,0.0,0.0,0.0,0.0,0.0,0.0,0.0
CF,CF Industries,Materials,11.940000000000003,11.860000000000001,11.660000000000002,11.34,10.9,9.899999999999999,8.7,7.5,6.300000000000001,5.1,3.8999999999999995,2.7,1.5
CRL,Charles River Laboratories,Health Care,0.0,0.0,0.0,0.0,0.0,0.0,0.0,0.0,0.0,0.0,0.0,0.0,0.0
SCHW,Charles Schwab Corporation,Financials,5.45,5.210000000000001,4.970000000000001,4.73,4.49,4.25,4.010000000000001,3.74,3.420000000000001,2.96,2.2800000000000002,1.56,0.84
CHTR,Charter Communications,Communication Services,0.0,0.0,0.0,0.0,0.0,0.0,0.0,0.0,0.0,0.0,0.0,0.0,0.0
CVX,Chevron Corporation,Energy,55.83000000000001,52.989999999999995,49.900000000000006,46.39,42.49000000000001,38.28,34.00000000000001,29.71,25.390000000000008,20.91,16.15,10.99,5.68
CMG,Chipotle Mexican Grill,Consumer Discretionary,0.0,0.0,0.0,0.0,0.0,0.0,0.0,0.0,0.0,0.0,0.0,0.0,0.0
CB,Chubb Limited,Financials,33.12,31.82,30.79,28.38,26.869999999999994,23.659999999999997,20.999999999999996,18.259999999999998,15.440000000000001,12.54,9.559999999999999,6.470000000000001,3.29
CHD,Church & Dwight,Consumer Staples,9.103499999999999,8.9485,8.6085,8.1285,7.568499999999999,6.9485,6.278499999999999,5.568,4.808,3.936,3.0239999999999996,2.064,1.052
CI,Cigna,Health Care,8.920000000000002,8.88,8.84,8.8,8.760000000000002,8.72,8.68,8.64,8.600000000000001,8.56,8.52,8.48,4.48
CINF,Cincinnati Financial,Financials,26.991,25.401000000000003,23.795,22.174000000000003,20.520000000000003,18.760000000000005,16.459999999999997,14.539999999999997,12.039999999999997,9.92,7.679999999999998,5.279999999999999,2.76
CTAS,Cintas,Industrials,24.329999999999995,23.36,22.82,22.18,21.409999999999993,19.709999999999994,18.659999999999997,17.33,15.709999999999999,13.66,11.11,7.6,4.199999999999999
CSCO,Cisco,Information Technology,12.32,12.32,12.140000000000004,11.64,11.130000000000004,10.390000000000002,9.570000000000002,8.58,7.449999999999999,6.169999999999999,4.79,3.36,1.8899999999999997
C,Citigroup,Financials,11.780000000000001,11.780000000000001,11.749999999999998,11.709999999999999,11.67,11.63,11.469999999999999,11.049999999999999,10.09,8.549999999999999,6.629999999999999,4.59,2.55
CFG,Citizens Financial Group,Financials,9.1,9.1,9.1,9.1,9.1,9.0,8.6,8.14,7.499999999999999,6.52,5.16,3.6,2.04
CLX,Clorox,Consumer Staples,44.419999999999995,42.32,40.01999999999999,37.54,34.84,31.939999999999998,28.919999999999998,25.779999999999998,22.5,18.78,14.739999999999998,10.399999999999999,5.859999999999999
CME,CME Group,Financials,62.002,61.08200000000001,59.961999999999996,56.269999999999996,51.870000000000005,47.989999999999995,43.09,37.44,31.300000000000004,26.75,21.25,15.35,8.5
CMS,CMS Energy,Utilities,16.468000000000004,15.808,14.968000000000004,14.008,12.988000000000003,11.908,10.748000000000003,9.508,8.176,6.744,5.212,3.58,1.84
KO,The Coca-Cola Company,Consumer Staples,17.620000000000005,16.74,15.799999999999997,14.78,13.659999999999997,12.44,11.119999999999997,9.719999999999999,8.240000000000002,6.68,5.080000000000001,3.44,1.76
CTSH,Cognizant,Information Technology,4.969999999999999,4.969999999999999,4.969999999999999,4.969999999999999,4.969999999999999,4.969999999999999,4.969999999999999,4.969999999999999,4.52,3.7199999999999998,2.92,2.04,1.08
CL,Colgate-Palmolive,Consumer Staples,19.999999999999996,18.985,17.849999999999994,16.63,15.3,13.88,12.380000000000003,10.83,9.240000000000002,7.579999999999999,5.869999999999999,4.12,2.33
CMCSA,Comcast,Communication Services,7.911499999999998,7.721500000000001,7.447999999999999,7.122,6.731999999999999,6.394500000000001,5.906999999999998,5.232,4.757999999999999,3.84,3.21,2.31,1.33
CMA,Comerica,Financials,18.160000000000004,17.910000000000004,17.509999999999998,16.96,16.28,15.490000000000002,14.66,13.77,12.68,10.84,8.16,5.44,2.72
CAG,Conagra Brands,Consumer Staples,11.473359,10.827444999999999,10.103711000000002,9.348848,8.570635999999999,7.7924240000000005,7.014212,6.236000000000001,5.41,4.558,3.7060000000000004,2.7920000000000003,1.616
COP,ConocoPhillips,Energy,27.799625,26.160645000000002,24.148129,21.665,18.964999999999996,16.125,13.184999999999999,12.184999999999999,11.125,9.965,8.629999999999999,6.94,4.99
ED,Consolidated Edison,Utilities,35.36,32.980000000000004,30.58,28.160000000000004,25.699999999999996,23.18,20.58,17.9,15.139999999999997,12.280000000000001,9.32,6.26,3.16
STZ,Constellation Brands,Consumer Staples,20.12,20.12,20.12,20.12,20.12,20.12,19.19,17.680000000000003,15.720000000000002,12.98,9.990000000000002,6.99,3.96
CEG,Constellation Energy,Utilities,0.564,0.564,0.564,0.564,0.564,0.564,0.564,0.564,0.564,0.564,0.564,0.564,0.564
COO,CooperCompanies,Health Care,0.81,0.75,0.6900000000000002,0.6300000000000001,0.5700000000000001,0.51,0.4500000000000002,0.3900000000000001,0.33000000000000007,0.27,0.21,0.15,0.09
CPRT,Copart,Industrials,0.0,0.0,0.0,0.0,0.0,0.0,0.0,0.0,0.0,0.0,0.0,0.0,0.0
GLW,Corning Inc.,Information Technology,7.609999999999998,7.41,7.184999999999999,6.87,6.479999999999999,6.08,5.599999999999998,5.0600000000000005,4.4399999999999995,3.7199999999999998,2.92,2.04,1.08
CTVA,Corteva,Materials,1.9000000000000004,1.9000000000000004,1.9000000000000004,1.9000000000000004,1.9000000000000004,1.9000000000000004,1.9000000000000004,1.9000000000000004,1.9000000000000004,1.9000000000000004,1.6400000000000001,1.12,0.5800000000000001
CSGP,CoStar Group,Industrials,0.0,0.0,0.0,0.0,0.0,0.0,0.0,0.0,0.0,0.0,0.0,0.0,0.0
COST,Costco,Consumer Staples,54.55999999999999,53.76499999999999,52.839999999999996,44.77499999999999,43.56999999999999,42.19499999999999,35.63999999999999,33.88999999999999,24.939999999999994,22.729999999999997,20.209999999999994,7.460000000000001,4.39
CTRA,Coterra,Energy,5.18,5.1499999999999995,5.12,5.08,5.0200000000000005,4.9399999999999995,4.86,4.78,4.609999999999999,4.359999999999999,4.01,3.6100000000000008,2.49
CCI,Crown Castle,Real Estate,37.934999999999995,37.934999999999995,37.934999999999995,37.934999999999995,37.934999999999995,36.065,32.71999999999999,29.115000000000002,25.215,20.939999999999998,16.365000000000002,11.434999999999999,5.975
CSX,CSX,Industrials,3.3104460000000007,3.201556,3.0526670000000005,2.872666,2.6759990000000005,2.4659999999999997,2.232667,1.992667,1.7326660000000003,1.4393340000000001,1.119334,0.7726660000000001,0.4
CMI,Cummins,Industrials,47.04700000000001,46.171,44.845000000000006,43.045,40.79500000000001,37.985,34.474999999999994,30.475,26.265,21.825000000000003,16.923,11.64,6.04
CVS,CVS Health,Health Care,19.409000000000002,19.057000000000002,18.557000000000002,17.905,17.005000000000003,15.905000000000001,14.505000000000003,12.805,10.805000000000003,8.805,6.805,4.805,2.805
DHI,D.R. Horton,Consumer Discretionary,5.716,5.563999999999998,5.412,5.110999999999999,5.110999999999999,4.909,4.64,4.3,3.8750000000000004,3.35,2.725,2.0,1.175
DHR,Danaher Corporation,Health Care,5.925786,5.865133999999999,5.7969,5.721083999999999,5.645268,5.342008,4.932608,4.4399999999999995,3.88,3.24,2.56,1.8399999999999999,1.0
DRI,Darden Restaurants,Consumer Discretionary,30.8129,29.793854000000007,28.453004,26.790350000000007,24.91316,22.946580000000008,20.980000000000004,18.86,16.48,13.719999999999999,10.46,9.280000000000001,5.83
DVA,DaVita Inc.,Health Care,0.0,0.0,0.0,0.0,0.0,0.0,0.0,0.0,0.0,0.0,0.0,0.0,0.0
DE,John Deere,Industrials,33.43000000000001,32.2,30.619999999999997,28.779999999999994,26.739999999999995,24.43,22.029999999999998,19.63,17.229999999999997,14.49,11.45,8.41,4.51
DAL,Delta Air Lines,Industrials,5.781000000000001,5.781000000000001,5.781000000000001,5.781000000000001,5.661,5.361000000000001,4.911,4.235,3.219,1.909,0.403,0.0,0.0
XRAY,Dentsply Sirona,Health Care,4.154,3.9539999999999997,3.749,3.529,3.277,3.013,2.722,2.41,2.058,1.706,1.33,0.93,0.5
DVN,Devon Energy,Energy,13.999999999999998,13.359999999999998,12.69,11.889999999999999,11.03,10.089999999999998,9.13,8.709999999999999,8.47,8.17,7.82,7.140000000000001,5.17
DXCM,Dexcom,Health Care,0.0,0.0,0.0,0.0,0.0,0.0,0.0,0.0,0.0,0.0,0.0,0.0,0.0
FANG,Diamondback Energy,Energy,13.274,13.274,13.274,13.274,13.274,13.274,13.274,13.274,13.274,12.899,12.209999999999999,10.709999999999999,8.959999999999999
DLR,Digital Realty,Real Estate,47.099999999999994,45.08,42.36,39.44,36.32,33.0,29.599999999999994,26.08,22.359999999999996,18.32,14.000000000000004,9.52,4.88
DFS,Discover Financial,Financials,14.979999999999999,14.899999999999999,14.62,14.18,13.58,12.66,11.579999999999998,10.42,9.12,7.620000000000001,5.939999999999999,4.18,2.3000000000000003
DISH,Dish Network,Communication Services,3.0,3.0,1.0,0.0,0.0,0.0,0.0,0.0,0.0,0.0,0.0,0.0,0.0
DIS,Disney,Communication Services,11.720000000000002,11.320000000000004,10.720000000000002,9.970000000000002,9.110000000000001,7.96,6.59,5.1,3.48,1.76,0.0,0.0,0.0
DG,Dollar General,Consumer Discretionary,10.68,10.68,10.68,10.68,10.68,10.68,9.800000000000002,8.8,8.02,6.89,5.64,4.24,2.62
DLTR,Dollar Tree,Consumer Discretionary,0.0,0.0,0.0,0.0,0.0,0.0,0.0,0.0,0.0,0.0,0.0,0.0,0.0
D,Dominion Energy,Utilities,34.647999999999996,32.816,30.843999999999994,28.732999999999997,26.480999999999995,24.081,21.488999999999997,18.689,15.653999999999996,12.314,8.642,5.192,2.672
DPZ,Domino's,Consumer Discretionary,25.480000000000004,25.480000000000004,25.480000000000004,22.480000000000004,21.680000000000007,20.68,19.440000000000005,17.92,16.08,13.879999999999999,11.28,8.16,4.4
DOV,Dover Corporation,Industrials,18.527620999999996,17.810363,17.019367,16.127821,15.155835,13.903814999999998,12.579097,11.189759,9.719645000000002,7.91,5.97,4.0,2.01
DOW,Dow Inc.,Materials,10.499999999999998,10.499999999999998,10.499999999999998,10.499999999999998,10.499999999999998,10.499999999999998,10.499999999999998,10.499999999999998,10.499999999999998,10.499999999999998,8.4,5.6,2.8
DTE,DTE Energy,Utilities,35.261835999999995,33.406515999999996,31.428642000000004,29.37247,27.172469000000003,24.883107,22.466085000000003,19.866084,17.008211,13.949489,10.674596,7.164808000000001,3.608
DUK,Duke Energy,Utilities,44.322,41.412,38.44200000000001,35.412,32.321999999999996,29.171999999999997,25.931999999999995,22.572,19.081999999999997,15.445999999999998,11.7,7.879999999999999,3.9799999999999995
DD,DuPont,Materials,22.748747999999992,21.894788,20.613846999999993,18.891692,17.069907999999995,14.892305,12.444282000000001,9.825466,7.320511,5.157139,3.72,2.52,1.32
DXC,DXC Technology,Information Technology,14.258251000000001,14.009844000000005,13.612392000000003,13.214940000000002,12.817488000000003,12.375324000000003,2.8283709999999997,2.343943,1.755709,1.03,0.21,0.0,0.0
EMN,Eastman Chemical Company,Materials,24.695000000000004,23.799999999999997,22.810000000000006,21.73,20.480000000000004,19.03,17.37,15.48,13.39,11.09,8.57,5.9,3.0700000000000003
ETN,Eaton Corporation,Industrials,27.11,26.029999999999998,24.669999999999998,23.15,21.470000000000002,19.509999999999998,17.31,15.030000000000003,12.63,11.310000000000002,8.47,6.28,3.24
EBAY,eBay,Consumer Discretionary,2.8,2.8,2.8,2.8,2.8,2.8,2.8,2.8,2.8,2.8,2.24,1.6,0.88
ECL,Ecolab,Materials,18.035000000000004,17.395,16.67,15.84,14.874999999999998,13.72,12.379999999999999,10.96,9.439999999999998,7.75,5.8999999999999995,4.01,2.06
EIX,Edison International,Utilities,25.673,24.408,23.122999999999998,21.809999999999995,20.440999999999995,18.959,17.226,15.243,13.008999999999997,10.581,8.104000000000001,5.527,2.8379999999999996
EW,Edwards Lifesciences,Health Care,0.0,0.0,0.0,0.0,0.0,0.0,0.0,0.0,0.0,0.0,0.0,0.0,0.0
EA,Electronic Arts,Communication Services,1.5899999999999999,1.5899999999999999,1.5899999999999999,1.5899999999999999,1.5899999999999999,1.5899999999999999,1.5899999999999999,1.5899999999999999,1.5899999999999999,1.5899999999999999,1.5899999999999999,1.42,0.74
ELV,Elevance Health,Health Care,32.843,32.843,31.843000000000004,30.692,29.192000000000007,27.439999999999998,24.940000000000005,22.34,19.64,16.64,13.439999999999998,9.64,5.12
LLY,Eli Lilly and Company,Health Care,31.032000000000004,29.072000000000003,27.112000000000002,25.152,23.192,21.232,19.232000000000003,17.192,15.112000000000002,12.86,10.280000000000001,7.32,3.92
EMR,Emerson Electric,Industrials,23.544999999999998,22.195,20.76,19.15,17.490000000000002,15.73,13.845000000000002,11.940000000000001,10.015,8.07,6.1,4.095000000000001,2.065
ENPH,Enphase,Information Technology,0.0,0.0,0.0,0.0,0.0,0.0,0.0,0.0,0.0,0.0,0.0,0.0,0.0
ETR,Entergy,Utilities,45.71999999999999,42.480000000000004,39.16,35.84,32.52,29.2,25.860000000000003,22.439999999999998,18.94,15.36,11.7,7.959999999999999,4.1000000000000005
EOG,EOG Resources,Energy,21.2785,20.9735,20.656,20.321,19.954,19.442,18.77,18.098,17.426,16.668,15.652000000000001,14.238999999999999,9.625
EPAM,EPAM Systems,Information Technology,0.0,0.0,0.0,0.0,0.0,0.0,0.0,0.0,0.0,0.0,0.0,0.0,0.0
EQT,EQT,Energy,2.5427329999999992,2.0636929999999998,1.5846529999999999,1.1056129999999997,1.040289,0.974965,0.909641,0.8443170000000001,0.778993,0.7000000000000001,0.5800000000000001,0.55,0.55
EFX,Equifax,Industrials,15.360000000000003,15.080000000000002,14.440000000000003,13.72,12.840000000000003,11.84,10.680000000000001,9.36,7.799999999999999,6.24,4.68,3.12,1.56
EQIX,Equinix,Real Estate,93.75999999999999,93.75999999999999,93.75999999999999,93.75999999999999,93.75999999999999,86.19,68.47999999999999,61.48,53.480000000000004,44.36,34.52,23.880000000000003,12.4
EQR,Equity Residential,Real Estate,37.684000000000005,36.212,34.63,32.849000000000004,30.999,28.999,26.788,13.772,11.756,9.596,7.324,4.912,2.5
ESS,Essex Property Trust,Real Estate,82.51400000000001,78.382,74.22200000000002,69.822,64.98200000000001,59.872,54.11200000000001,47.712,40.71200000000001,33.272000000000006,25.471999999999994,17.16,8.8
EL,The Estée Lauder Companies,Consumer Staples,16.339999999999996,15.965,15.44,14.719999999999997,13.979999999999999,13.139999999999997,12.12,10.879999999999999,9.48,7.909999999999999,6.139999999999999,4.65,2.46
ETSY,Etsy,Consumer Discretionary,0.0,0.0,0.0,0.0,0.0,0.0,0.0,0.0,0.0,0.0,0.0,0.0,0.0
RE,Everest Re,Financials,52.05,50.12999999999999,48.209999999999994,46.289999999999985,44.099999999999994,40.899999999999984,36.89999999999999,32.2,27.15,23.25,18.9,12.7,6.5
EVRG,Evergy,Utilities,21.385,20.145,18.865000000000002,17.545,16.185000000000002,14.785,13.345000000000002,11.825,10.225000000000001,8.49,6.5600000000000005,4.51,2.332
ES,Eversource,Utilities,23.23700000000001,22.213,21.113000000000007,19.79,18.320000000000004,16.747999999999998,15.075999999999999,13.296,11.395999999999999,9.376,7.235999999999999,4.964,2.552
EXC,Exelon,Utilities,14.695081999999994,13.197221999999998,11.699361999999995,10.201502,9.163697999999997,8.279246,7.394794,6.493224,5.5574200000000005,4.573112,3.5374480000000004,2.444724,1.352
EXPE,Expedia Group,Consumer Discretionary,24.325,23.765000000000004,8.080000000000002,7.12,6.5600000000000005,5.9,5.0600000000000005,4.06,2.9,1.6600000000000001,0.34,0.0,0.0
EXPD,Expeditors International,Industrials,10.5,10.1,9.6,9.040000000000001,8.44,7.800000000000001,7.08,6.28,5.4399999999999995,4.54,3.54,2.5,1.34
EXR,Extra Space Storage,Real Estate,34.38,33.98,33.42,32.57,31.119999999999997,29.310000000000002,27.07,24.14,21.02,17.659999999999997,14.1,10.5,6.0
XOM,ExxonMobil,Energy,37.03000000000001,35.29,33.44,31.26,28.799999999999997,26.1,23.22,20.240000000000002,17.18,13.95,10.520000000000001,7.04,3.5500000000000003
FFIV,"F5, Inc.",Information Technology,0.0,0.0,0.0,0.0,0.0,0.0,0.0,0.0,0.0,0.0,0.0,0.0,0.0
FDS,FactSet,Financials,26.870000000000005,25.98,24.94,23.740000000000002,22.380000000000003,20.86,19.150000000000002,17.21,15.030000000000003,12.55,9.75,6.72,3.49
FAST,Fastenal,Industrials,9.705000000000002,9.395000000000001,9.07,8.45,8.049999999999999,7.55,6.989999999999998,6.39,5.749999999999998,4.9799999999999995,4.11,2.7100000000000004,1.5899999999999999
FRT,Federal Realty,Real Estate,46.919999999999995,44.26,41.54,38.7,35.67999999999999,32.38,28.759999999999998,24.92,20.96,16.92,12.780000000000001,8.56,4.300000000000001
FDX,FedEx,Industrials,21.919999999999995,21.45,20.939999999999998,20.39,19.799999999999997,19.049999999999997,18.099999999999998,16.65,14.750000000000002,12.299999999999999,9.700000000000001,7.1,4.199999999999999
FITB,Fifth Third Bank,Financials,8.469999999999999,8.43,8.149999999999999,7.79,7.32,6.8100000000000005,6.289999999999999,5.76,5.16,4.42,3.48,2.4000000000000004,1.26
FRC,First Republic Bank,Financials,7.359999999999999,7.359999999999999,7.359999999999999,7.059999999999999,6.699999999999999,6.300000000000001,5.709999999999999,5.08,4.41,3.7000000000000006,2.95,2.16,1.3
FSLR,First Solar,Information Technology,0.0,0.0,0.0,0.0,0.0,0.0,0.0,0.0,0.0,0.0,0.0,0.0,0.0
FE,FirstEnergy,Utilities,23.140000000000004,20.94,18.190000000000005,15.990000000000002,13.790000000000004,12.350000000000001,10.910000000000002,9.47,8.03,6.59,5.069999999999999,3.5100000000000002,1.9500000000000002
FIS,FIS,Information Technology,13.800000000000002,13.600000000000001,13.400000000000004,12.600000000000001,11.720000000000002,10.76,9.720000000000002,8.68,7.519999999999999,6.24,4.839999999999999,3.44,1.88
FISV,Fiserv,Information Technology,0.0,0.0,0.0,0.0,0.0,0.0,0.0,0.0,0.0,0.0,0.0,0.0,0.0
FLT,Fleetcor,Information Technology,0.0,0.0,0.0,0.0,0.0,0.0,0.0,0.0,0.0,0.0,0.0,0.0,0.0
FMC,FMC Corporation,Materials,11.890492999999998,11.673669,11.413476999999999,11.06222,10.593875999999998,10.073496,9.501076,8.928656,8.356236,7.58,5.94,4.14,2.17
F,Ford Motor Company,Consumer Discretionary,5.28,5.28,5.28,5.080000000000001,4.68,4.180000000000001,3.58,2.73,2.08,1.3499999999999999,0.75,0.6000000000000001,0.5
FTNT,Fortinet,Information Technology,0.0,0.0,0.0,0.0,0.0,0.0,0.0,0.0,0.0,0.0,0.0,0.0,0.0
FTV,Fortive,Industrials,1.625809,1.625809,1.625809,1.625809,1.625809,1.625809,1.625809,1.5086549999999999,1.2743470000000001,1.040039,0.8057310000000002,0.56,0.28
FOXA,Fox Corporation (Class A),Communication Services,1.88,1.88,1.88,1.88,1.88,1.88,1.88,1.88,1.88,1.88,1.42,0.96,0.49
FOX,Fox Corporation (Class B),Communication Services,1.88,1.88,1.88,1.88,1.88,1.88,1.88,1.88,1.88,1.88,1.42,0.96,0.49
BEN,Franklin Templeton,Financials,14.689998999999997,14.386667,13.380000999999998,12.013334,11.599999999999998,10.59,9.959999999999997,9.219999999999999,8.39,4.44,3.39,2.3,1.17
FCX,Freeport-McMoRan,Materials,9.405000000000001,8.455000000000002,6.955000000000001,5.766000000000002,3.201,1.9489999999999996,1.375,1.375,1.375,1.2249999999999999,1.025,0.975,0.75
GRMN,Garmin,Consumer Discretionary,26.851,25.35000000000001,23.750000000000004,22.0,20.200000000000003,18.31,16.3,14.260000000000002,12.22,10.12,7.880000000000001,5.48,2.86
IT,Gartner,Information Technology,0.0,0.0,0.0,0.0,0.0,0.0,0.0,0.0,0.0,0.0,0.0,0.0,0.0
GEHC,GE HealthCare,Health Care,0.0,0.0,0.0,0.0,0.0,0.0,0.0,0.0,0.0,0.0,0.0,0.0,0.0
GEN,Gen Digital,Information Technology,20.475,20.475,20.475,20.475,20.025000000000002,19.425,18.825000000000003,14.45,14.149999999999999,13.85,13.5,1.0,0.5
GNRC,Generac,Industrials,11.0,11.0,11.0,5.0,0.0,0.0,0.0,0.0,0.0,0.0,0.0,0.0,0.0
GD,General Dynamics,Industrials,41.859999999999985,40.21999999999999,38.389999999999986,35.879999999999995,34.2,31.779999999999998,29.090000000000007,26.12,22.840000000000007,19.210000000000004,15.219999999999999,10.9,6.2299999999999995
GE,General Electric,Industrials,40.42154700000001,37.659283,33.996279000000015,29.462560999999997,24.718669999999992,19.374287999999996,13.849755999999996,8.265175000000001,3.221037999999999,0.999216,0.7494120000000001,0.499608,0.249804
GIS,General Mills,Consumer Staples,22.630000000000003,21.580000000000002,20.41,19.14,17.72,16.11,14.379999999999995,12.52,10.579999999999998,8.620000000000001,6.659999999999999,4.680000000000001,2.64
GM,General Motors,Consumer Discretionary,9.22,9.22,9.22,9.22,9.22,8.02,6.64,5.119999999999999,3.5999999999999996,2.08,0.5599999999999999,0.18,0.18
GPC,Genuine Parts Company,Consumer Discretionary,33.594,31.953999999999997,30.153999999999996,28.174,26.024,23.724,21.264,18.632,15.931999999999999,13.052,9.999999999999998,6.84,3.58
GILD,Gilead Sciences,Health Care,18.490000000000006,18.490000000000006,18.490000000000006,18.490000000000006,18.490000000000006,18.490000000000006,17.200000000000003,15.36,13.280000000000001,11.0,8.480000000000002,5.76,2.92
GL,Globe Life,Financials,7.415333,7.144221,6.8486660000000015,6.468666000000001,5.915334000000001,5.408,5.003000000000001,4.448,3.8580000000000005,3.228,2.5490000000000004,1.812,1.03
GPN,Global Payments,Information Technology,3.258,3.218,3.178,3.138,3.098,3.058,3.0180000000000002,2.978,2.9350000000000005,2.8950000000000005,2.67,1.8900000000000001,1.0
GS,Goldman Sachs,Financials,44.72,43.32,41.92,40.150000000000006,38.1,35.85,33.3,30.7,27.799999999999997,24.65,20.5,15.5,9.0
HAL,Halliburton,Energy,6.8100000000000005,6.449999999999999,6.090000000000001,5.73,5.205000000000001,4.575,3.8550000000000004,3.135,2.415,1.6949999999999998,0.975,0.6599999999999999,0.48
HIG,Hartford (The),Financials,11.354999999999999,11.155,10.755,10.355,9.855,9.195,8.415,7.555,6.614999999999999,5.515,4.3149999999999995,3.015,1.58
HAS,Hasbro,Consumer Discretionary,26.8,25.850000000000005,24.7,22.96,21.759999999999998,20.070000000000004,18.259999999999998,16.27,14.049999999999997,11.59,8.92,6.2,3.4800000000000004
HCA,HCA Healthcare,Health Care,14.430000000000003,14.430000000000003,14.430000000000003,7.9300000000000015,7.9300000000000015,7.9300000000000015,7.9300000000000015,7.9300000000000015,7.9300000000000015,6.530000000000001,4.93,4.16,2.24
PEAK,Healthpeak,Real Estate,21.781433000000003,20.087445,18.338813000000005,16.517321,14.604753000000002,12.619325,10.561037000000004,8.620000000000001,7.139999999999999,5.659999999999999,4.179999999999999,2.6999999999999997,1.5
HSIC,Henry Schein,Health Care,0.0,0.0,0.0,0.0,0.0,0.0,0.0,0.0,0.0,0.0,0.0,0.0,0.0
HSY,Hershey's,Consumer Staples,31.440000000000005,30.160000000000004,28.780000000000005,27.220000000000006,25.410000000000004,23.37,21.134000000000004,18.732,16.184,13.428,10.437999999999999,7.284000000000001,3.874
HES,Hess Corporation,Energy,11.399999999999999,11.0,10.600000000000001,10.2,9.5,8.5,7.5,6.5,5.5,4.5,3.5,2.5,1.5
HPE,Hewlett Packard Enterprise,Information Technology,2.7068470000000007,2.7068470000000007,2.7068470000000007,2.7068470000000007,2.7068470000000007,2.7068470000000007,2.6748810000000005,2.5412049999999997,2.313,1.899,1.4400000000000004,0.96,0.48
HLT,Hilton Worldwide,Consumer Discretionary,3.2618399999999994,3.2618399999999994,3.2618399999999994,3.2618399999999994,3.2618399999999994,3.2618399999999994,2.9745599999999994,2.4,1.7999999999999996,1.2,0.6,0.44999999999999996,0.44999999999999996
HOLX,Hologic,Health Care,0.0,0.0,0.0,0.0,0.0,0.0,0.0,0.0,0.0,0.0,0.0,0.0,0.0
HD,Home Depot (The),Consumer Discretionary,45.024,44.08,43.04,41.88,40.31999999999999,38.44,36.07999999999999,33.32,29.759999999999994,25.64,20.199999999999996,14.2,7.6
HON,Honeywell,Industrials,32.009976,30.854492,29.546469000000002,28.088766,26.487104000000002,24.706211,22.657421000000003,20.318287,17.692135,14.73,11.370000000000001,7.74,3.9699999999999998
HRL,Hormel Foods,Consumer Staples,8.08475,7.87475,7.619,7.319000000000001,6.978999999999999,6.579000000000001,6.078999999999999,5.4990000000000006,4.819,4.067,3.226999999999999,2.295,1.315
HST,Host Hotels & Resorts,Real Estate,6.620000000000001,6.58,6.44,6.140000000000001,5.680000000000001,4.930000000000001,4.130000000000001,3.28,2.43,1.5800000000000003,0.73,0.53,0.53
HWM,Howmet Aerospace,Industrials,0.8500000000000001,0.8500000000000001,0.8500000000000001,0.8500000000000001,0.8500000000000001,0.8500000000000001,0.8500000000000001,0.76,0.5200000000000001,0.27999999999999997,0.16,0.14,0.1
HPQ,HP Inc.,Information Technology,6.320317000000001,6.174993000000001,5.975174,5.7408399999999995,5.483346999999999,5.199515,4.843,4.338,3.8,3.223,2.567,1.845,1.013
HUM,Humana,Health Care,20.522,20.522,19.772000000000002,18.742,17.672,16.562,15.412,14.542,12.652000000000001,10.652000000000001,8.452,5.952,3.152
HBAN,Huntington Bancshares,Financials,4.495000000000001,4.455,4.355,4.195,4.005,3.795,3.544999999999999,3.2550000000000003,2.9049999999999994,2.4050000000000002,1.8250000000000002,1.225,0.62
HII,Huntington Ingalls Industries,Industrials,28.159999999999997,28.159999999999997,28.159999999999997,28.06,27.56,26.56,24.859999999999996,22.759999999999998,20.24,17.22,13.61,9.379999999999999,4.78
IBM,IBM,Information Technology,62.828469000000005,60.438411,57.665944999999994,54.511067999999995,50.97378199999999,46.910685,42.13057,36.872444,31.231909999999996,25.295008,19.147781,12.924073,6.59
IEX,IDEX Corporation,Industrials,18.640000000000004,18.07,17.41,16.64,15.75,14.68,13.439999999999998,12.1,10.649999999999999,8.99,7.059999999999999,5.06,2.9400000000000004
IDXX,Idexx Laboratories,Health Care,0.0,0.0,0.0,0.0,0.0,0.0,0.0,0.0,0.0,0.0,0.0,0.0,0.0
ITW,Illinois Tool Works,Industrials,36.82,35.519999999999996,34.120000000000005,32.64,31.039999999999992,29.229999999999997,27.159999999999997,24.759999999999998,21.899999999999995,18.34,14.200000000000003,9.780000000000001,5.0600000000000005
ILMN,Illumina,Health Care,0.0,0.0,0.0,0.0,0.0,0.0,0.0,0.0,0.0,0.0,0.0,0.0,0.0
INCY,Incyte,Health Care,0.0,0.0,0.0,0.0,0.0,0.0,0.0,0.0,0.0,0.0,0.0,0.0,0.0
IR,Ingersoll Rand,Industrials,0.1,0.1,0.1,0.1,0.1,0.1,0.1,0.1,0.1,0.1,0.1,0.1,0.08
INTC,Intel,Information Technology,14.160000000000002,13.528,12.746,11.876,10.976,10.076000000000002,9.116000000000001,8.076,6.997000000000002,5.797000000000001,4.537000000000001,3.2169999999999996,1.825
ICE,Intercontinental Exchange,Financials,8.810000000000002,8.810000000000002,8.810000000000002,8.810000000000002,8.680000000000001,8.16,7.58,6.9,6.1,5.14,4.04,2.84,1.52
IP,International Paper,Materials,19.285670000000003,18.912112,17.999698000000002,16.982687,15.815316999999997,14.451364000000002,12.898332999999997,11.209885,9.444732999999996,7.621815,5.715565,3.772385,1.852
IPG,The Interpublic Group of Companies,Communication Services,8.0,8.0,7.76,7.52,7.22,6.84,6.36,5.76,5.04,4.199999999999999,3.2600000000000002,2.24,1.16
IFF,International Flavors & Fragrances,Materials,28.959999999999997,27.92,26.759999999999998,25.46,23.999999999999996,22.28,20.22,17.82,15.16,12.32,9.360000000000001,6.32,3.2
INTU,Intuit,Information Technology,17.8,17.8,17.650000000000002,17.03,16.33,15.51,14.459999999999997,13.22,11.809999999999999,10.17,8.23,6.050000000000001,3.6000000000000005
ISRG,Intuitive Surgical,Health Care,0.0,0.0,0.0,0.0,0.0,0.0,0.0,0.0,0.0,0.0,0.0,0.0,0.0
IVZ,Invesco,Financials,11.290000000000003,10.857,10.378000000000002,9.736,8.889000000000003,7.914000000000001,6.853999999999999,5.744,4.593999999999999,3.404,2.174,1.399,0.734
INVH,Invitation Homes,Real Estate,3.3400000000000007,3.3400000000000007,3.3400000000000007,3.3400000000000007,3.3400000000000007,3.3400000000000007,3.3400000000000007,3.3400000000000007,3.120000000000001,2.68,2.16,1.56,0.88
IQV,IQVIA,Health Care,0.0,0.0,0.0,0.0,0.0,0.0,0.0,0.0,0.0,0.0,0.0,0.0,0.0
IRM,Iron Mountain,Real Estate,27.699794999999998,27.351364999999998,26.484451,21.74323,20.745078,18.408,16.498,14.493,12.254999999999999,9.879999999999999,7.427999999999999,4.952,2.476
JBHT,J.B. Hunt,Industrials,11.46,10.98,10.46,9.750000000000002,9.3,8.5,7.660000000000002,6.78,5.860000000000001,4.9,3.86,2.7800000000000002,1.6
JKHY,Jack Henry & Associates,Information Technology,14.830000000000002,14.45,14.030000000000001,13.57,12.840000000000002,11.96,10.96,9.84,8.600000000000001,7.12,5.5200000000000005,3.8,1.96
J,Jacobs Solutions,Industrials,4.4,4.4,4.4,4.4,4.4,4.4,4.4,4.4,3.8,3.2,2.52,1.76,0.92
JNJ,Johnson & Johnson,Health Care,41.440000000000005,39.33,37.08000000000001,34.68000000000001,32.089999999999996,29.33,26.379999999999995,23.230000000000004,19.909999999999997,16.369999999999997,12.619999999999997,8.64,4.449999999999999
JCI,Johnson Controls,Industrials,16.21082,15.787113999999999,15.287410999999999,14.739949999999999,14.080264999999997,13.347279999999998,12.514817999999998,6.68,5.669999999999999,4.630000000000001,3.5900000000000007,2.55,1.4
JPM,JPMorgan Chase,Financials,28.71,28.509999999999998,27.71,26.560000000000002,25.2,23.64,21.96,20.12,18.08,15.6,12.3,8.7,5.0
JNPR,Juniper Networks,Information Technology,5.32,5.32,5.32,5.32,5.32,5.120000000000001,4.720000000000001,4.32,3.92,3.2,2.44,1.6400000000000001,0.84
K,Kellogg's,Consumer Staples,26.199999999999996,24.64,22.969999999999995,21.229999999999997,19.429999999999996,17.53,15.549999999999999,13.509999999999998,11.39,9.19,6.93,4.6499999999999995,2.34
KDP,Keurig Dr Pepper,Consumer Staples,120.31,119.41,118.20000000000002,116.84,115.32000000000002,113.68,111.76000000000002,109.64000000000001,107.32000000000001,2.84,2.2399999999999998,1.64,0.964
KEY,KeyCorp,Financials,5.340000000000002,5.3,5.200000000000001,5.02,4.8050000000000015,4.555,4.265,3.9349999999999996,3.5549999999999993,2.99,2.2800000000000002,1.54,0.7899999999999999
KEYS,Keysight,Information Technology,0.0,0.0,0.0,0.0,0.0,0.0,0.0,0.0,0.0,0.0,0.0,0.0,0.0
KMB,Kimberly-Clark,Consumer Staples,47.09622299999999,44.565063,41.880498999999986,39.042531,35.936106999999986,32.68,29.16,25.48,21.6,17.6,13.48,9.2,4.64
KIM,Kimco Realty,Real Estate,11.340000000000002,10.680000000000001,9.950000000000001,9.17,8.315000000000001,7.400000000000001,6.425000000000001,5.390000000000001,4.300000000000001,3.18,2.06,1.52,0.84
KMI,Kinder Morgan,Energy,13.439,13.439,12.699000000000002,11.359,9.799,8.099,6.169000000000002,5.6690000000000005,5.169000000000002,4.444000000000001,3.494,2.455,1.3820000000000001
KLAC,KLA Corporation,Information Technology,48.03999999999998,47.239999999999995,46.03999999999998,44.53999999999999,42.83999999999998,24.44,22.400000000000002,20.3,18.040000000000003,15.2,12.100000000000003,8.600000000000001,4.7
KHC,Kraft Heinz,Consumer Staples,15.400000000000002,15.400000000000002,15.400000000000002,15.400000000000002,15.400000000000002,15.400000000000002,13.700000000000001,11.349999999999998,8.9,6.4,4.800000000000001,3.2,1.6
KR,Kroger,Consumer Staples,6.169999999999999,5.975,5.76,5.512499999999999,5.204999999999999,4.864999999999999,4.47,4.0200000000000005,3.5299999999999994,3.0,2.3999999999999995,1.72,0.94
LHX,L3Harris,Industrials,30.300000000000004,29.36,28.300000000000004,26.9,25.320000000000004,23.54,21.600000000000005,19.54,17.340000000000003,14.830000000000002,11.960000000000004,8.56,4.48
LH,LabCorp,Health Care,2.16,2.16,2.16,2.16,2.16,2.16,2.16,2.16,2.16,2.16,2.16,2.16,2.16
LRCX,Lam Research,Information Technology,30.070000000000004,30.070000000000004,30.070000000000004,30.070000000000004,30.070000000000004,29.53,28.450000000000003,27.1,25.250000000000007,21.450000000000003,16.95,12.05,6.449999999999999
LW,Lamb Weston,Consumer Staples,5.436000000000001,5.436000000000001,5.436000000000001,5.436000000000001,5.436000000000001,5.436000000000001,5.436000000000001,5.436000000000001,4.684000000000001,3.92,3.12,2.2,1.26
LVS,Las Vegas Sands,Consumer Discretionary,22.419999999999998,22.419999999999998,22.419999999999998,18.669999999999998,17.27,15.269999999999996,12.669999999999998,9.79,6.87,3.87,0.79,0.0,0.0
LDOS,Leidos,Industrials,30.766911999999998,30.766911999999998,30.766911999999998,29.878024000000003,26.2,24.919999999999998,23.0,8.08,6.800000000000001,5.52,4.199999999999999,2.84,1.44
LEN,Lennar,Consumer Discretionary,5.078592,4.921268,4.763944,4.60662,4.449296,4.291972,4.134648,3.9773240000000003,3.82,3.66,3.5,2.875,1.875
LNC,Lincoln Financial,Financials,12.969999999999995,12.93,12.729999999999997,12.41,11.929999999999996,11.29,10.489999999999997,9.489999999999998,8.33,7.010000000000001,5.530000000000001,3.93,2.25
LIN,Linde plc,Materials,39.584,37.784000000000006,35.784000000000006,33.584,31.184000000000005,28.584,25.724000000000004,22.723999999999997,19.572000000000003,16.272,12.772,8.92,4.68
LYV,Live Nation Entertainment,Communication Services,0.0,0.0,0.0,0.0,0.0,0.0,0.0,0.0,0.0,0.0,0.0,0.0,0.0
LKQ,LKQ Corporation,Consumer Discretionary,1.275,1.275,1.275,1.275,1.275,1.275,1.275,1.275,1.275,1.275,1.275,1.275,1.025
LMT,Lockheed Martin,Industrials,89.68999999999998,87.05,83.79999999999998,79.64999999999999,74.87,69.38,63.23,56.46,48.99999999999999,40.8,31.800000000000004,22.0,11.399999999999999
L,Loews Corporation,Financials,3.2760000000000007,3.024,2.7720000000000007,2.52,2.2680000000000007,2.016,1.7639999999999998,1.512,1.2599999999999998,1.008,0.7559999999999998,0.504,0.252
LOW,Lowe's,Consumer Discretionary,20.440000000000005,20.040000000000003,19.540000000000003,18.939999999999998,18.260000000000005,17.44,16.42,15.16,13.640000000000004,11.860000000000001,9.8,7.55,4.75
LUMN,Lumen Technologies,Communication Services,25.410000000000004,22.51,19.61,16.71,14.55,12.39,10.23,8.07,5.91,3.75,2.75,1.75,0.75
LYB,LyondellBasell,Materials,49.78,49.78,44.73,40.529999999999994,38.529999999999994,35.82999999999999,33.57,30.24,26.69,22.689999999999998,18.540000000000003,14.339999999999998,9.899999999999999
MTB,M&T Bank,Financials,43.95,41.14999999999999,38.35000000000001,35.55,32.75,29.950000000000003,27.15,24.35,21.349999999999998,17.8,13.699999999999998,9.3,4.8
MRO,Marathon Oil,Energy,5.448785000000001,4.85825,4.26,3.579999999999999,2.86,2.0600000000000005,1.3800000000000001,1.1800000000000004,0.98,0.7799999999999999,0.5800000000000001,0.5,0.32000000000000006
MPC,Marathon Petroleum,Energy,17.624999999999996,17.624999999999996,17.4,16.8,16.03,15.11,13.97,12.61,11.09,9.25,7.13,4.8100000000000005,2.4899999999999998
MKTX,MarketAxess,Financials,17.679999999999996,17.4,17.039999999999996,16.599999999999998,16.08,15.44,14.639999999999997,13.6,12.279999999999998,10.6,8.56,6.159999999999999,3.5199999999999996
MAR,Marriott International,Consumer Discretionary,10.747484000000002,10.551443,10.180000000000003,9.690000000000001,9.05,8.280000000000001,7.33,6.18,4.890000000000001,3.33,1.48,1.0,1.0
MMC,Marsh McLennan,Financials,18.5,17.69,16.830000000000002,15.930000000000001,14.970000000000002,13.910000000000002,12.73,11.43,10.0,8.42,6.68,4.84,2.84
MLM,Martin Marietta Materials,Materials,24.0,22.400000000000002,20.8,19.2,17.6,16.0,14.399999999999999,12.76,11.04,9.2,7.140000000000001,4.9,2.54
MAS,Masco,Industrials,5.917634000000001,5.654014,5.390394000000001,5.126774,4.863154000000001,4.573172,4.230000000000001,3.8449999999999998,3.4400000000000004,3.005,2.5100000000000007,1.965,1.12
MA,Mastercard,Information Technology,11.365,11.305,11.245000000000001,11.14,10.930000000000001,10.49,9.850000000000001,9.09,8.21,7.210000000000001,5.8900000000000015,4.29,2.53
MTCH,Match Group,Communication Services,3.2335760000000002,3.2335760000000002,3.19931,2.993714,2.719586,2.388348,2.0,2.0,2.0,0.0,0.0,0.0,0.0
MKC,McCormick & Company,Consumer Staples,12.239999999999998,11.71,11.134999999999998,10.5,9.804999999999998,9.05,8.235000000000001,7.355,6.39,5.324999999999999,4.16,2.89,1.5
MCD,McDonald's,Consumer Discretionary,49.81000000000001,47.55,45.02000000000001,42.15,39.03000000000001,35.75,32.309999999999995,28.699999999999996,24.869999999999997,20.68,15.949999999999996,10.91,5.66
MCK,McKesson,Health Care,16.0,15.34,14.559999999999999,13.76,12.879999999999999,11.92,10.879999999999999,9.760000000000002,8.52,7.06,5.459999999999999,3.8,2.02
MDT,Medtronic,Health Care,21.282,20.422,19.485999999999997,18.220000000000002,17.12,15.925000000000002,14.479999999999999,12.810000000000002,11.0,9.54,7.419999999999999,5.14,2.6700000000000004
MRK,Merck & Co.,Health Care,25.018995000000004,23.568615,22.080067000000007,20.467473000000002,18.816711000000005,17.127781000000002,15.400682999999999,13.635417,11.831983,9.933129,7.776641,5.410228999999999,2.8
META,Meta Platforms,Communication Services,0.0,0.0,0.0,0.0,0.0,0.0,0.0,0.0,0.0,0.0,0.0,0.0,0.0
MET,MetLife,Financials,17.847595,17.188057999999998,16.528520999999998,15.868984,14.968806,13.787879,12.473261,11.069517999999999,9.6,7.9399999999999995,6.199999999999999,4.38,2.48
MTD,Mettler Toledo,Health Care,0.0,0.0,0.0,0.0,0.0,0.0,0.0,0.0,0.0,0.0,0.0,0.0,0.0
MGM,MGM Resorts,Consumer Discretionary,1.623,1.623,1.623,1.623,1.623,1.623,1.623,1.623,1.1829999999999996,0.7030000000000001,0.18300000000000002,0.024,0.012
MCHP,Microchip Technology,Information Technology,9.863999999999999,9.006499999999999,8.485999999999999,7.785,7.078,6.366,5.65,4.93,4.206,3.4779999999999998,2.746,2.01,1.1580000000000001
MU,Micron Technology,Information Technology,0.645,0.645,0.645,0.645,0.645,0.645,0.645,0.645,0.645,0.645,0.645,0.645,0.445
MSFT,Microsoft,Information Technology,19.070000000000004,18.52,17.84,17.009999999999998,16.04,14.89,13.599999999999998,12.129999999999999,10.539999999999997,8.82,6.930000000000001,4.84,2.54
MAA,Mid-America Apartment Communities,Real Estate,44.86,42.4,39.888,37.248,34.467999999999996,31.548,28.468,25.188,21.708,18.016,14.176,10.176,6.0760000000000005
MRNA,Moderna,Health Care,0.0,0.0,0.0,0.0,0.0,0.0,0.0,0.0,0.0,0.0,0.0,0.0,0.0
MHK,Mohawk Industries,Consumer Discretionary,0.0,0.0,0.0,0.0,0.0,0.0,0.0,0.0,0.0,0.0,0.0,0.0,0.0
MOH,Molina Healthcare,Health Care,0.0,0.0,0.0,0.0,0.0,0.0,0.0,0.0,0.0,0.0,0.0,0.0,0.0
TAP,Molson Coors Beverage Company,Consumer Staples,17.649999999999995,16.57,15.330000000000002,14.050000000000002,12.770000000000003,11.290000000000003,9.650000000000002,8.01,6.369999999999999,4.7299999999999995,2.7699999999999996,2.1999999999999997,1.52
MDLZ,Mondelez International,Consumer Staples,26.973000000000006,25.813,24.653000000000006,9.48,8.809999999999999,8.23,7.589999999999999,6.87,6.049999999999999,5.09,4.0,2.8,1.47
MPWR,Monolithic Power Systems,Information Technology,14.049999999999999,14.049999999999999,14.049999999999999,13.049999999999999,13.049999999999999,12.6,11.8,11.0,10.2,9.0,7.4,5.4,3.0
MNST,Monster Beverage,Consumer Staples,0.0,0.0,0.0,0.0,0.0,0.0,0.0,0.0,0.0,0.0,0.0,0.0,0.0
MCO,Moody's Corporation,Financials,19.255,18.835,18.3,17.660000000000004,16.759999999999998,15.64,14.279999999999998,12.8,11.279999999999998,9.52,7.520000000000001,5.279999999999999,2.8
MS,Morgan Stanley,Financials,12.924999999999999,12.725,12.525,12.325000000000001,12.124999999999998,11.775,11.225,10.525,9.625,8.524999999999999,7.2250000000000005,5.825,3.7249999999999996
MOS,The Mosaic Company,Materials,7.163000000000002,6.963,6.763000000000002,6.088,5.088000000000002,4.088,3.013,1.913,1.3129999999999997,1.213,1.038,0.838,0.5630000000000001
MSI,Motorola Solutions,Information Technology,22.179999999999996,22.179999999999996,21.739999999999995,20.78,19.639999999999997,18.34,16.909999999999997,15.21,13.28,11.15,8.8,6.17,3.25
MSCI,MSCI,Financials,18.880000000000003,18.880000000000003,18.880000000000003,18.880000000000003,18.880000000000003,18.700000000000003,17.9,16.9,15.579999999999998,13.66,11.14,8.22,4.58
NDAQ,"Nasdaq, Inc.",Financials,4.956667000000001,4.956667000000001,4.956667000000001,4.870001,4.696669000000001,4.503336,4.203337,3.800003,3.313335000000001,2.746667,2.1299989999999998,1.483333,0.78
NTAP,NetApp,Information Technology,12.48,12.48,12.48,12.48,12.18,11.549999999999999,10.86,10.12,9.34,8.14,6.38,4.46,2.5
NFLX,Netflix,Communication Services,0.0,0.0,0.0,0.0,0.0,0.0,0.0,0.0,0.0,0.0,0.0,0.0,0.0
NWL,Newell Brands,Consumer Discretionary,9.180000000000003,8.98,8.690000000000001,8.26,7.660000000000002,7.0,6.240000000000002,5.48,4.600000000000001,3.68,2.7600000000000002,1.84,0.92
NEM,Newmont,Materials,12.265000000000004,11.765,10.765000000000004,9.365000000000002,8.14,7.915,7.8149999999999995,7.69,7.4399999999999995,6.880000000000001,5.4399999999999995,4.4,2.2
NWSA,News Corp (Class A),Communication Services,1.5000000000000004,1.5000000000000004,1.5000000000000004,1.5000000000000004,1.5000000000000004,1.5000000000000004,1.4000000000000004,1.2000000000000002,1.0,0.8,0.6,0.4,0.2
NWS,News Corp (Class B),Communication Services,1.5000000000000004,1.5000000000000004,1.5000000000000004,1.5000000000000004,1.5000000000000004,1.5000000000000004,1.4000000000000004,1.2000000000000002,1.0,0.8,0.6,0.4,0.2
NEE,NextEra Energy,Utilities,12.658000000000003,12.158000000000001,11.608000000000004,11.008000000000001,10.348000000000003,9.623000000000001,8.853000000000002,7.9830000000000005,6.999999999999999,5.89,4.64,3.24,1.7
NKE,"Nike, Inc.",Consumer Discretionary,9.0125,8.7325,8.41,8.035,7.6,7.1000000000000005,6.52,5.86,5.119999999999999,4.300000000000001,3.3950000000000005,2.385,1.2550000000000001
NI,NiSource,Utilities,8.222514,7.861021999999999,7.499530000000001,7.130178,6.745108000000001,6.344322,5.830000000000001,5.1899999999999995,4.49,3.71,2.9099999999999997,2.07,1.19
NDSN,Nordson Corporation,Industrials,14.37,13.969999999999999,13.510000000000002,12.96,12.3,11.5,10.580000000000002,9.56,8.42,7.12,5.66,4.12,2.32
NSC,Norfolk Southern Railway,Industrials,37.88000000000001,36.480000000000004,34.82,32.879999999999995,30.839999999999993,28.62,25.669999999999995,23.310000000000002,20.869999999999997,17.830000000000002,14.23,10.47,6.3100000000000005
NTRS,Northern Trust,Financials,23.48,22.36,21.239999999999995,20.06,18.83,17.53,16.119999999999997,14.64,13.04,11.099999999999998,8.5,5.699999999999999,2.9
NOC,Northrop Grumman,Industrials,49.77708499999999,48.114644999999996,46.18999999999999,44.040000000000006,41.65999999999999,38.95,35.849999999999994,32.35000000000001,28.450000000000003,23.75,18.59,12.92,6.76
NCLH,Norwegian Cruise Line Holdings,Consumer Discretionary,0.0,0.0,0.0,0.0,0.0,0.0,0.0,0.0,0.0,0.0,0.0,0.0,0.0
NRG,NRG Energy,Utilities,6.622999999999999,6.622999999999999,6.622999999999999,6.4430000000000005,5.9929999999999986,5.453,4.872999999999999,4.638,4.518,4.398,4.2780000000000005,3.0780000000000003,1.778
NUE,Nucor,Materials,20.305000000000003,18.862,17.408,15.946000000000002,14.473999999999998,12.991999999999999,11.499,9.996,8.482000000000001,6.942,5.339,3.7249999999999996,2.01
NVDA,Nvidia,Information Technology,1.3365,1.3365,1.3365,1.31775,1.2402500000000003,1.15525,1.0562500000000001,0.935,0.7925000000000002,0.64,0.4799999999999999,0.32,0.16
NVR,"NVR, Inc.",Consumer Discretionary,0.0,0.0,0.0,0.0,0.0,0.0,0.0,0.0,0.0,0.0,0.0,0.0,0.0
NXPI,NXP Semiconductors,Information Technology,8.882000000000001,8.882000000000001,8.882000000000001,8.882000000000001,8.882000000000001,8.882000000000001,8.882000000000001,8.882000000000001,8.882000000000001,8.382,7.131999999999999,5.632,3.38
ORLY,O'Reilly Auto Parts,Consumer Discretionary,0.0,0.0,0.0,0.0,0.0,0.0,0.0,0.0,0.0,0.0,0.0,0.0,0.0
OXY,Occidental Petroleum,Energy,27.146367999999995,25.738018999999998,23.975186999999995,21.905775,19.453138999999993,16.664951,13.700000000000003,10.68,7.619999999999999,4.5200000000000005,1.38,0.56,0.52
ODFL,Old Dominion,Industrials,3.670001,3.670001,3.670001,3.670001,3.670001,3.670001,3.670001,3.670001,3.403332999999999,3.0566649999999997,2.6033329999999997,2.0,1.2
OMC,Omnicom Group,Communication Services,26.099999999999994,25.299999999999997,24.299999999999997,23.1,21.5,19.6,17.599999999999998,15.45,13.199999999999998,10.8,8.200000000000001,5.6,2.8
ON,ON Semiconductor,Information Technology,0.0,0.0,0.0,0.0,0.0,0.0,0.0,0.0,0.0,0.0,0.0,0.0,0.0
OKE,ONEOK,Energy,32.834886999999995,32.038178,31.092633999999993,29.980744,28.684999999999995,26.56,24.129999999999995,21.67,18.949999999999996,15.705,12.175000000000002,8.435,4.695
ORCL,Oracle Corporation,Information Technology,8.89,8.690000000000001,8.46,8.040000000000001,7.800000000000001,7.319999999999999,6.750000000000002,6.15,5.4300000000000015,4.670000000000001,3.7599999999999993,2.8000000000000003,1.6
OGN,Organon & Co.,Health Care,1.6800000000000002,1.6800000000000002,1.6800000000000002,1.6800000000000002,1.6800000000000002,1.6800000000000002,1.6800000000000002,1.6800000000000002,1.6800000000000002,1.6800000000000002,1.6800000000000002,1.6800000000000002,1.12
OTIS,Otis Worldwide,Industrials,2.63,2.63,2.63,2.63,2.63,2.63,2.63,2.63,2.63,2.63,2.63,2.03,1.11
PCAR,Paccar,Industrials,19.253334,18.793333999999998,17.926667000000002,16.873335,15.740003000000003,14.500002,12.953335000000001,11.913335000000004,10.453333999999998,8.393333,6.0066679999999995,4.686669,2.793335
PKG,Packaging Corporation of America,Materials,30.873,30.273,29.473000000000003,28.473000000000003,26.96,25.36,23.16,20.8,18.28,15.280000000000001,12.120000000000001,8.75,4.75
PARA,Paramount Global,Communication Services,8.13,7.9300000000000015,7.580000000000001,7.1400000000000015,6.66,6.120000000000001,5.5200000000000005,4.860000000000001,4.140000000000001,3.420000000000001,2.880000000000001,1.92,0.96
PH,Parker Hannifin,Industrials,34.5,33.43,32.0,30.380000000000003,28.6,26.53,24.009999999999998,21.490000000000002,18.85,15.91,12.51,8.99,5.0200000000000005
PAYX,Paychex,Information Technology,25.379999999999995,24.14,22.889999999999993,20.939999999999998,20.24,18.78,17.18,15.420000000000002,13.499999999999996,11.32,8.899999999999999,6.420000000000001,3.8200000000000003
PAYC,Paycom,Information Technology,0.0,0.0,0.0,0.0,0.0,0.0,0.0,0.0,0.0,0.0,0.0,0.0,0.0
PYPL,PayPal,Information Technology,0.0,0.0,0.0,0.0,0.0,0.0,0.0,0.0,0.0,0.0,0.0,0.0,0.0
PNR,Pentair,Industrials,9.868638000000002,9.35823,8.820958000000003,8.229958,7.585229999999999,6.846477999999999,5.986841999999999,5.08691,4.160114,3.3400000000000003,2.62,1.86,1.06
PEP,PepsiCo,Consumer Staples,39.88999999999999,38.0,35.974999999999994,33.847,31.605999999999998,29.073,26.308999999999994,23.347,20.178999999999995,16.59,12.796999999999999,8.773,4.5249999999999995
PKI,PerkinElmer,Health Care,3.7099999999999995,3.43,3.1499999999999995,2.87,2.5899999999999994,2.31,2.0300000000000002,1.7500000000000002,1.4700000000000004,1.1900000000000002,0.9100000000000004,0.6300000000000001,0.35000000000000003
PFE,Pfizer,Health Care,15.258804000000001,14.575692,13.816680000000002,12.981764,12.070948000000001,11.084232,10.021612000000001,8.883092,7.668672000000002,6.378348000000001,5.012124000000001,3.5700000000000003,2.0100000000000002
PCG,PG&E Corporation,Utilities,14.395,12.574999999999998,10.754999999999999,8.934999999999999,7.115000000000001,5.295000000000001,3.4750000000000005,1.55,0.0,0.0,0.0,0.0,0.0
PM,Philip Morris International,Consumer Staples,51.404,48.964000000000006,46.144000000000005,43.629999999999995,40.050000000000004,36.17,32.13,28.009999999999998,23.79,19.299999999999997,14.68,9.940000000000001,5.04
PSX,Phillips 66,Energy,28.678999999999995,28.678999999999995,28.678999999999995,28.229,26.9,25.01,22.83,20.38,17.65,14.55,11.050000000000002,7.45,3.83
PNW,Pinnacle West,Utilities,35.041000000000004,32.941,30.841,28.721,26.518,24.218999999999998,21.809,19.278999999999996,16.619,13.796,10.799,7.62,4.28
PXD,Pioneer Natural Resources,Energy,36.63,36.550000000000004,36.47,36.39,36.31,36.230000000000004,36.15,36.07,35.99,35.67,34.47,32.27,25.44
PNC,PNC Financial Services,Financials,37.67999999999999,37.279999999999994,36.129999999999995,34.58,32.86,30.98,28.97,26.85,24.25,20.85,16.65,12.05,7.25
POOL,Pool Corporation,Consumer Discretionary,19.770000000000003,19.25,18.700000000000003,18.080000000000002,17.35,16.5,15.5,14.31,12.89,11.17,9.07,6.779999999999999,3.8
PPG,PPG Industries,Materials,21.205000000000002,20.115000000000002,18.985,17.814999999999998,16.605,15.295000000000002,13.879999999999997,12.32,10.619999999999997,8.760000000000002,6.779999999999999,4.68,2.42
PPL,PPL Corporation,Utilities,18.771354000000002,17.467394,16.163434,14.822218,13.453059999999999,12.063412,10.586999999999998,9.067,7.486999999999999,5.8469999999999995,4.195,2.535,0.875
PFG,Principal Financial Group,Financials,20.790000000000003,20.240000000000002,19.54,18.759999999999998,17.78,16.5,15.000000000000004,13.39,11.520000000000003,9.420000000000002,7.239999999999998,5.0,2.56
PG,Procter & Gamble,Consumer Staples,35.93999999999998,34.054,31.997000000000003,29.786000000000005,27.418000000000003,24.884000000000004,22.251,19.578,16.837999999999997,13.997,11.042,7.923,4.522
PGR,Progressive Corporation,Financials,20.489000000000004,19.328000000000003,18.929000000000002,17.522,17.23700000000001,15.743999999999998,15.057999999999998,14.169999999999998,13.488999999999999,12.363999999999999,9.549999999999999,6.899999999999999,0.5
PLD,Prologis,Real Estate,22.799999999999997,21.68,20.559999999999995,19.44,18.319999999999997,17.0,15.479999999999997,13.8,12.04,10.120000000000001,8.0,5.68,3.16
PRU,Prudential Financial,Financials,37.74000000000001,36.59,35.14,33.54,31.809999999999995,29.64,27.199999999999996,24.4,21.4,17.799999999999997,13.799999999999997,9.399999999999999,4.8
PEG,Public Service Enterprise Group,Utilities,21.843999999999998,20.472,19.099999999999998,17.68,16.24,14.760000000000002,13.199999999999996,11.559999999999999,9.839999999999996,8.04,6.16,4.2,2.16
PTC,PTC,Information Technology,0.0,0.0,0.0,0.0,0.0,0.0,0.0,0.0,0.0,0.0,0.0,0.0,0.0
PSA,Public Storage,Real Estate,96.80000000000001,93.75,90.1,85.69999999999999,80.55000000000001,74.95,68.45,61.15,53.15,45.15,37.15,29.15,21.15
PHM,PulteGroup,Consumer Discretionary,3.94,3.94,3.94,3.94,3.7899999999999996,3.5599999999999996,3.23,2.87,2.51,2.13,1.6799999999999997,1.1800000000000002,0.61
QRVO,Qorvo,Information Technology,0.0,0.0,0.0,0.0,0.0,0.0,0.0,0.0,0.0,0.0,0.0,0.0,0.0
PWR,Quanta Services,Industrials,0.9600000000000001,0.9600000000000001,0.9600000000000001,0.9600000000000001,0.9600000000000001,0.9600000000000001,0.9600000000000001,0.9600000000000001,0.9600000000000001,0.92,0.7500000000000001,0.54,0.36000000000000004
QCOM,Qualcomm,Information Technology,24.72,23.98,23.145,22.18,20.88,19.27,17.41,15.34,13.1,10.67,8.190000000000001,5.620000000000001,2.93
DGX,Quest Diagnostics,Health Care,20.78,20.38,19.98,19.3,18.099999999999998,16.81,15.34,13.760000000000002,11.959999999999999,10.010000000000002,7.890000000000001,5.68,3.2600000000000002
RL,Ralph Lauren Corporation,Consumer Discretionary,23.204,22.804000000000002,22.004,20.604,18.554,16.753999999999998,14.754,12.754,10.754,8.379,5.6899999999999995,5.002,2.9379999999999997
RJF,Raymond James,Financials,8.760005,8.453339,8.106671,7.753336999999999,7.366671,6.92667,6.433337,5.886671000000001,5.446669999999999,4.713336,3.5600009999999997,2.8200000000000003,1.78
RTX,Raytheon Technologies,Industrials,21.046270000000007,19.976414,18.802719000000003,17.525185,16.143812,14.6586,13.047524000000001,11.398686999999999,9.686917000000003,7.902775,6.052554999999999,4.165,2.16
O,Realty Income,Real Estate,30.224659000000003,28.555083999999997,26.870005,25.147135000000002,23.035696,20.912629,18.701383000000003,16.369992999999997,13.908757,11.348683000000003,8.713027,5.995974999999999,3.221000000000001
REG,Regency Centers,Real Estate,27.203,25.351,23.499,21.647,19.794999999999998,17.915,15.975,13.975,11.875,9.655,7.315,4.9350000000000005,2.525
REGN,Regeneron,Health Care,0.0,0.0,0.0,0.0,0.0,0.0,0.0,0.0,0.0,0.0,0.0,0.0,0.0
RF,Regions Financial Corporation,Financials,4.260000000000001,4.220000000000001,4.180000000000001,4.140000000000001,4.04,3.8600000000000003,3.6300000000000003,3.3750000000000004,3.0600000000000005,2.6,2.01,1.3900000000000001,0.74
RSG,Republic Services,Industrials,16.670000000000005,15.89,15.05,14.14,13.15,12.07,10.91,9.67,8.34,6.9,5.340000000000001,3.68,1.9100000000000001
RMD,ResMed,Health Care,14.319999999999999,14.319999999999999,14.319999999999999,13.979999999999999,13.139999999999999,12.08,10.919999999999998,9.659999999999998,8.3,6.86,5.340000000000002,3.78,2.16
RHI,Robert Half,Industrials,12.64,12.120000000000001,11.559999999999999,10.96,10.319999999999999,9.6,8.799999999999999,7.92,6.959999999999999,5.84,4.6,3.24,1.72
ROK,Rockwell Automation,Industrials,38.39999999999999,37.120000000000005,35.56999999999999,33.78,31.69,29.3,26.625000000000004,23.689999999999998,20.575000000000003,16.93,13.000000000000004,8.870000000000001,4.54
ROL,"Rollins, Inc.",Industrials,2.989409,2.918297,2.835333,2.7049619999999996,2.5716280000000005,2.417554,2.230886,2.0086649999999997,1.7597760000000005,1.489999,1.176666,0.8500000000000001,0.43000000000000005
ROP,Roper Technologies,Information Technology,17.403000000000002,17.023,16.583,15.866000000000001,15.370999999999997,14.571,13.570999999999996,12.370999999999999,10.970999999999997,9.318999999999999,7.4670000000000005,5.414999999999999,3.1630000000000003
ROST,Ross Stores,Consumer Discretionary,7.636,7.475999999999998,7.255999999999999,6.975999999999999,6.636,6.235999999999999,5.765,5.224999999999999,4.585,3.6850000000000005,2.6649999999999996,2.38,1.24
RCL,Royal Caribbean Group,Consumer Discretionary,14.039999999999997,14.039999999999997,13.839999999999998,13.399999999999997,12.659999999999998,11.559999999999997,10.209999999999999,8.5,6.34,3.74,0.78,0.0,0.0
SPGI,S&P Global,Financials,25.540000000000003,24.6,23.6,20.08,18.960000000000004,17.759999999999998,16.44,15.0,13.359999999999998,11.36,9.079999999999998,6.4,3.3200000000000003
CRM,Salesforce,Information Technology,0.0,0.0,0.0,0.0,0.0,0.0,0.0,0.0,0.0,0.0,0.0,0.0,0.0
SBAC,SBA Communications,Real Estate,7.76,7.76,7.76,7.76,7.76,7.76,7.76,7.76,7.76,7.76,7.02,5.16,2.84
SLB,Schlumberger,Energy,18.067,17.227,16.227,15.126999999999999,13.875000000000002,12.275,10.275000000000002,8.275,6.2749999999999995,4.275,2.275,1.4,0.8999999999999999
STX,Seagate Technology,Information Technology,25.56,25.56,25.019999999999996,23.499999999999996,22.309999999999995,20.48,18.229999999999997,15.71,13.189999999999998,10.67,8.13,5.51,2.8
SEE,Sealed Air,Materials,7.830000000000002,7.330000000000001,6.810000000000001,6.29,5.770000000000001,5.25,4.73,4.12,3.4800000000000004,2.84,2.1999999999999997,1.56,0.8
SRE,Sempra Energy,Utilities,40.76400000000001,39.204,37.28400000000001,34.884,32.364,29.723999999999997,26.924,23.904,20.612,17.032,13.159999999999998,8.98,4.58
NOW,ServiceNow,Information Technology,0.0,0.0,0.0,0.0,0.0,0.0,0.0,0.0,0.0,0.0,0.0,0.0,0.0
SHW,Sherwin-Williams,Materials,15.073335999999998,14.593336,14.106667999999999,13.586668,12.919999999999998,12.186668000000001,11.293335999999998,10.173335999999999,9.040003999999998,7.893336,6.3866679999999985,4.6,2.4
SBNY,Signature Bank,Financials,10.780000000000001,10.780000000000001,10.780000000000001,10.780000000000001,10.780000000000001,10.780000000000001,10.780000000000001,10.780000000000001,10.780000000000001,9.66,7.420000000000003,5.180000000000001,2.9400000000000004
SPG,Simon Property Group,Real Estate,73.61876700000002,71.17286,67.880292,64.023284,59.648871,54.650000000000006,48.599999999999994,42.099999999999994,34.94999999999999,27.049999999999997,18.75,12.75,6.8999999999999995
SWKS,Skyworks Solutions,Information Technology,12.81,12.81,12.81,12.81,12.81,12.46,11.68,10.600000000000001,9.399999999999999,8.0,6.360000000000001,4.48,2.3600000000000003
SJM,The J.M. Smucker Company,Consumer Staples,36.63000000000001,35.08,33.24,31.240000000000002,29.04,26.6,23.979999999999997,21.14,18.08,14.82,11.36,7.8,4.02
SNA,Snap-on,Industrials,37.839999999999996,36.61999999999999,35.32,33.92,32.34,30.489999999999995,28.290000000000003,25.749999999999996,22.8,19.39,15.46,10.989999999999998,5.88
SEDG,SolarEdge,Information Technology,0.0,0.0,0.0,0.0,0.0,0.0,0.0,0.0,0.0,0.0,0.0,0.0,0.0
SO,Southern Company,Utilities,29.09,27.287000000000003,25.413,23.470000000000002,21.459,19.377000000000002,17.223,15.0,12.7,10.32,7.859999999999999,5.32,2.7
LUV,Southwest Airlines,Industrials,3.225,3.2050000000000005,3.185,3.150000000000001,3.0200000000000005,2.8000000000000007,2.515,2.1399999999999997,1.6649999999999998,1.0599999999999998,0.36,0.18,0.18
SWK,Stanley Black & Decker,Industrials,29.84,28.5,26.86,25.060000000000002,23.08,21.04,18.9,16.64,14.219999999999999,11.64,8.940000000000001,6.16,3.1799999999999997
SBUX,Starbucks,Consumer Discretionary,12.725,12.545,12.265,11.905000000000001,11.46,10.91,10.23,9.379999999999999,8.33,7.01,5.5200000000000005,3.84,2.0
STT,State Street Corporation,Financials,18.7,18.66,17.939999999999998,16.98,15.940000000000001,14.780000000000001,13.460000000000003,12.02,10.420000000000002,8.64,6.66,4.58,2.4
STLD,Steel Dynamics,Materials,8.844,8.544,8.144,7.744000000000001,7.304,6.844000000000001,6.292,5.732,5.111999999999999,4.36,3.3999999999999995,2.4000000000000004,1.36
STE,Steris,Health Care,14.48,13.96,13.32,12.6,11.8,10.920000000000002,9.96,8.899999999999999,7.719999999999999,6.42,5.0,3.46,1.8
SYK,Stryker Corporation,Health Care,21.212000000000003,20.582,19.829,18.925,17.825,16.564999999999998,15.15,13.584999999999999,11.84,9.91,7.775,5.42,2.835
SIVB,SVB Financial,Financials,0.0,0.0,0.0,0.0,0.0,0.0,0.0,0.0,0.0,0.0,0.0,0.0,0.0
SYF,Synchrony Financial,Financials,5.290000000000001,5.290000000000001,5.290000000000001,5.290000000000001,5.290000000000001,5.290000000000001,5.290000000000001,5.03,4.4700000000000015,3.75,2.89,2.0100000000000002,1.1300000000000001
SNPS,Synopsys,Information Technology,0.0,0.0,0.0,0.0,0.0,0.0,0.0,0.0,0.0,0.0,0.0,0.0,0.0
SYY,Sysco,Consumer Staples,17.959999999999997,17.21,16.17,15.090000000000002,13.68,12.509999999999998,11.610000000000001,10.37,9.05,7.61,6.05,4.25,2.41
TMUS,T-Mobile US,Communication Services,4.06,4.06,4.06,4.06,0.0,0.0,0.0,0.0,0.0,0.0,0.0,0.0,0.0
TROW,T. Rowe Price,Financials,38.040000000000006,36.96000000000001,35.720000000000006,33.36000000000001,31.839999999999996,30.08,26.0,23.84,21.559999999999995,18.76,15.719999999999997,12.12,4.8
TTWO,Take-Two Interactive,Communication Services,0.0,0.0,0.0,0.0,0.0,0.0,0.0,0.0,0.0,0.0,0.0,0.0,0.0
TPR,"Tapestry, Inc.",Consumer Discretionary,13.839000000000002,13.314000000000002,12.489000000000003,11.364000000000003,10.05,8.698,7.346,5.994,4.6419999999999995,3.29,1.9380000000000002,1.6,1.1
TRGP,Targa Resources,Energy,28.495000000000005,28.495000000000005,27.56200000000001,26.044000000000004,23.989000000000008,21.310000000000002,17.92000000000001,14.28,10.639999999999999,7.0,3.3600000000000003,2.15,1.75
TGT,Target Corporation,Consumer Discretionary,28.58,27.740000000000002,26.64,25.32,23.739999999999995,21.840000000000003,19.679999999999993,17.36,14.920000000000002,12.4,9.8,7.12,3.96
TEL,TE Connectivity,Information Technology,18.119999999999994,17.480000000000004,16.78,15.97,15.01,13.89,12.610000000000003,11.170000000000002,9.600000000000001,7.88,6.0600000000000005,4.16,2.18
TDY,Teledyne Technologies,Information Technology,0.0,0.0,0.0,0.0,0.0,0.0,0.0,0.0,0.0,0.0,0.0,0.0,0.0
TFX,Teleflex,Health Care,17.68,16.32,14.96,13.600000000000001,12.24,10.88,9.52,8.16,6.8,5.44,4.08,2.72,1.36
TER,Teradyne,Information Technology,2.8999999999999995,2.8999999999999995,2.8999999999999995,2.8999999999999995,2.8999999999999995,2.7199999999999998,2.4799999999999995,2.24,1.9600000000000004,1.6,1.2400000000000002,0.8400000000000001,0.44
TSLA,"Tesla, Inc.",Consumer Discretionary,0.0,0.0,0.0,0.0,0.0,0.0,0.0,0.0,0.0,0.0,0.0,0.0,0.0
TXN,Texas Instruments,Information Technology,28.939999999999994,28.45,27.889999999999993,27.169999999999998,26.099999999999994,24.859999999999996,23.45999999999999,21.819999999999997,19.699999999999996,17.07,13.860000000000001,10.139999999999999,5.93
TXT,Textron,Industrials,1.04,0.9600000000000001,0.8800000000000001,0.8,0.7200000000000001,0.64,0.56,0.48,0.4000000000000001,0.32,0.23999999999999996,0.16,0.08
TMO,Thermo Fisher Scientific,Health Care,8.1,8.1,8.1,7.56,6.959999999999999,6.36,5.76,5.16,4.56,3.88,3.119999999999999,2.24,1.2
TJX,TJX Companies,Consumer Discretionary,6.986,6.843499999999999,6.663499999999999,6.443499999999999,6.1685,5.833499999999999,5.431,4.936,4.3365,3.5949999999999998,2.71,2.48,1.4399999999999997
TSCO,Tractor Supply,Consumer Discretionary,14.365,14.225,14.01,13.65,13.16,12.55,11.79,10.870000000000001,9.82,8.620000000000001,7.26,5.76,3.68
TT,Trane Technologies,Industrials,15.731912,15.558412,15.291965999999999,14.895394000000001,14.374894000000001,13.599098000000001,12.699174,11.644093999999999,10.325242,8.804684000000002,7.16,5.04,2.68
TDG,TransDigm Group,Industrials,186.85,186.85,186.85,174.0,152.0,127.0,127.0,103.0,81.0,81.0,18.5,18.5,18.5
TRV,The Travelers Companies,Financials,33.52,32.11,30.52,28.730000000000004,26.77,24.62,22.24,19.62,16.790000000000003,13.760000000000002,10.53,7.16,3.6700000000000004
TRMB,Trimble Inc.,Information Technology,0.0,0.0,0.0,0.0,0.0,0.0,0.0,0.0,0.0,0.0,0.0,0.0,0.0
TFC,Truist,Financials,16.46,15.86,15.22,14.459999999999997,13.34,12.39,11.340000000000002,10.19,8.93,7.369999999999999,5.66,3.86,2.0
TYL,Tyler Technologies,Information Technology,0.0,0.0,0.0,0.0,0.0,0.0,0.0,0.0,0.0,0.0,0.0,0.0,0.0
TSN,Tyson Foods,Consumer Staples,11.420000000000003,11.26,11.100000000000003,10.83,10.605000000000002,10.279999999999998,9.830000000000002,9.155,8.18,6.905000000000001,5.359999999999999,3.655,1.86
USB,U.S. Bank,Financials,14.810000000000002,14.61,14.110000000000001,13.329999999999998,12.445000000000002,11.48,10.470000000000002,9.4,8.24,6.8999999999999995,5.32,3.6399999999999997,1.88
UDR,"UDR, Inc.",Real Estate,15.178,14.453,13.683000000000002,12.808,11.883000000000003,10.868,9.774000000000003,8.611,7.385999999999999,6.107,4.755,3.332,1.883
ULTA,Ulta Beauty,Consumer Discretionary,1.0,1.0,1.0,0.0,0.0,0.0,0.0,0.0,0.0,0.0,0.0,0.0,0.0
UNP,Union Pacific Corporation,Industrials,33.199999999999996,32.545,31.580000000000002,30.334999999999997,28.855000000000004,26.945,24.745,22.49,20.01,16.950000000000003,13.250000000000002,9.370000000000001,5.08
UAL,United Airlines Holdings,Industrials,0.0,0.0,0.0,0.0,0.0,0.0,0.0,0.0,0.0,0.0,0.0,0.0,0.0
UPS,United Parcel Service,Industrials,42.44000000000001,40.56,38.48000000000002,36.2,33.720000000000006,31.040000000000003,28.119999999999997,25.0,21.68,18.04,14.2,10.16,6.08
URI,United Rentals,Industrials,1.48,1.48,1.48,1.48,1.48,1.48,1.48,1.48,1.48,1.48,1.48,1.48,1.48
UNH,UnitedHealth Group,Health Care,35.82299999999999,35.418,34.804,34.002,32.949999999999996,31.545,29.669999999999998,27.295,24.419999999999995,20.97,16.83,12.0,6.4
UHS,Universal Health Services,Health Care,5.5,5.300000000000001,5.1000000000000005,4.500000000000001,4.3,4.000000000000001,3.6000000000000005,3.200000000000001,2.8000000000000007,2.4000000000000004,1.8,1.6,0.8
VLO,Valero Energy,Energy,28.394005,28.211188999999997,27.936965,27.342815,26.51,25.46,23.76,21.36,18.560000000000002,15.36,11.760000000000002,7.84,3.92
VTR,Ventas,Real Estate,35.83359900000002,33.38983900000001,30.763367,27.931347000000002,24.808132,21.42227,18.157999999999998,15.193,12.078,8.915000000000001,5.743000000000001,3.6,1.8
VRSN,Verisign,Information Technology,5.75,2.75,0.0,0.0,0.0,0.0,0.0,0.0,0.0,0.0,0.0,0.0,0.0
VRSK,Verisk,Industrials,4.48,4.48,4.48,4.48,4.48,4.48,4.48,4.48,4.48,4.48,3.4800000000000004,2.4,1.24
VZ,Verizon,Communication Services,29.879994,28.025999999999996,26.061999999999998,24.046999999999997,21.972,19.832,17.616999999999997,15.344000000000001,13.020000000000003,10.647,8.222999999999999,5.75,3.226
VRTX,Vertex Pharmaceuticals,Health Care,0.0,0.0,0.0,0.0,0.0,0.0,0.0,0.0,0.0,0.0,0.0,0.0,0.0
VFC,VF Corporation,Consumer Discretionary,17.708058,17.136024,16.521617000000003,15.808339,14.946758,13.902501999999998,12.650148999999999,11.209472,9.589887,7.810226,5.91,3.9799999999999995,2.01
VTRS,Viatris,Health Care,0.81,0.81,0.81,0.81,0.81,0.81,0.81,0.81,0.81,0.81,0.81,0.81,0.48
VICI,Vici Properties,Real Estate,6.3069999999999995,6.3069999999999995,6.3069999999999995,6.3069999999999995,6.3069999999999995,6.3069999999999995,6.3069999999999995,6.3069999999999995,6.3069999999999995,5.308,4.136,2.88,1.5
V,Visa Inc.,Information Technology,9.14875,9.0175,8.85,8.6025,8.254999999999999,7.835,7.335,6.75,6.0600000000000005,5.18,4.13,2.91,1.575
VMC,Vulcan Materials Company,Materials,11.060000000000002,10.06,9.300000000000002,9.260000000000002,9.22,9.0,8.600000000000001,7.800000000000001,6.800000000000002,5.68,4.44,3.08,1.6
WAB,Wabtec,Industrials,4.07,4.050000000000001,4.01,3.93,3.8,3.6,3.3199999999999994,2.96,2.5199999999999996,2.04,1.5599999999999996,1.08,0.6
WBA,Walgreens Boots Alliance,Consumer Staples,18.464000000000006,17.838,17.038,16.038,14.858,13.552,12.155999999999999,10.686,9.136000000000001,7.4559999999999995,5.66,3.808,1.916
WMT,Walmart,Consumer Staples,24.863999999999997,23.652,22.191999999999993,20.6,18.719999999999995,16.8,14.840000000000003,12.84,10.800000000000002,8.72,6.600000000000001,4.44,2.24
WBD,Warner Bros. Discovery,Communication Services,0.0,0.0,0.0,0.0,0.0,0.0,0.0,0.0,0.0,0.0,0.0,0.0,0.0
WM,Waste Management,Industrials,22.871999999999993,21.612,20.251999999999995,18.832,17.371999999999996,15.872,14.332,12.692,10.992,9.132000000000001,7.080000000000002,4.9,2.6
WAT,Waters Corporation,Health Care,0.0,0.0,0.0,0.0,0.0,0.0,0.0,0.0,0.0,0.0,0.0,0.0,0.0
WEC,WEC Energy Group,Utilities,24.578000000000007,23.778000000000002,22.738000000000003,21.538000000000004,20.092000000000006,18.532,16.788,14.808,12.727999999999998,10.516,8.155999999999999,5.6240000000000006,2.912
WFC,Wells Fargo,Financials,15.370000000000001,15.170000000000002,14.690000000000001,13.810000000000002,12.660000000000002,11.31,9.835000000000003,8.32,6.78,5.14,3.2199999999999998,2.0,1.4000000000000001
WELL,Welltower,Real Estate,39.535,36.795,33.96,31.0,27.939999999999998,24.759999999999998,21.459999999999997,18.02,14.539999999999997,11.06,7.580000000000002,4.88,2.44
WST,West Pharmaceutical Services,Health Care,6.74,6.415,6.07,5.705,5.32,4.910000000000001,4.460000000000002,3.97,3.4400000000000004,2.8699999999999997,2.26,1.6099999999999999,0.9199999999999999
WDC,Western Digital,Information Technology,13.55,13.55,13.55,13.05,12.0,10.5,8.5,6.5,4.5,2.5,1.0,0.0,0.0
WRK,WestRock,Materials,10.351472,10.351472,10.351472,10.351472,10.351472,10.351472,9.675736,8.225000000000001,6.595000000000001,4.85,3.02,1.9549999999999998,1.025
WY,Weyerhaeuser,Real Estate,39.849999999999994,13.28,12.68,12.06,11.249999999999998,10.23,9.029999999999998,7.789999999999999,6.539999999999999,5.22,3.8600000000000008,3.3500000000000005,2.17
WHR,Whirlpool Corporation,Consumer Discretionary,49.15,47.43,45.5,43.5,41.125,38.25,34.8,30.9,26.599999999999998,22.05,17.299999999999997,12.45,7.0
WMB,Williams Companies,Energy,18.769152000000002,18.373779999999996,17.742000000000004,16.545,15.108000000000002,13.149999999999999,10.700000000000003,9.02,7.819999999999999,6.46,4.9399999999999995,3.34,1.7
WTW,Willis Towers Watson,Financials,35.891328,33.136359999999996,30.381392000000005,27.520464000000004,24.553576000000003,21.374768000000003,18.09,16.17,14.05,11.649999999999999,9.05,6.3,3.28
GWW,W. W. Grainger,Industrials,60.04999999999999,57.97,55.449999999999996,52.39,48.79999999999999,44.629999999999995,40.04,35.209999999999994,30.15,24.79,19.11,13.17,6.779999999999999
WYNN,Wynn Resorts,Consumer Discretionary,52.25,43.75,37.25,27.75,20.75,14.5,11.5,9.5,7.5,4.75,1.0,0.0,0.0
XEL,Xcel Energy,Utilities,18.141,17.137,16.104,15.033999999999999,13.923999999999998,12.724,11.443999999999999,10.084,8.643999999999998,7.124,5.504,3.784,1.952
XYL,Xylem Inc.,Industrials,8.545,8.545,8.444,8.04,7.575999999999999,7.064,6.499999999999999,5.88,5.159999999999999,4.32,3.3599999999999994,2.3200000000000003,1.2
YUM,Yum! Brands,Consumer Discretionary,17.367136,16.734496,15.990426000000001,15.134924999999999,14.146427000000001,13.053687,11.838734,10.48,9.280000000000001,7.84,6.160000000000001,4.279999999999999,2.28
ZBRA,Zebra Technologies,Information Technology,0.0,0.0,0.0,0.0,0.0,0.0,0.0,0.0,0.0,0.0,0.0,0.0,0.0
ZBH,Zimmer Biomet,Health Care,9.736704,9.736704,9.736704,9.037676,8.260976000000001,7.406608,6.552240000000001,5.6202000000000005,4.688160000000001,3.75612,2.8240800000000004,1.89204,0.96
ZION,Zions Bancorporation,Financials,8.05,8.01,7.970000000000001,7.93,7.8,7.64,7.42,7.140000000000001,6.7,5.66,4.38,3.02,1.5799999999999998
ZTS,Zoetis,Health Care,6.25,6.25,6.25,6.25,6.055000000000001,5.7669999999999995,5.4350000000000005,5.055,4.635000000000001,4.131,3.4750000000000005,2.675,1.675
